[{"model": "auth.user", "pk": 1, "fields": {"password": "pbkdf2_sha256$120000$ba94oEFOEmjw$7YBjUEtB25d1zRLA9H22tpoIw3wZ7UN9CaAmrWtCLn4=", "last_login": "2019-05-12T04:12:26.726Z", "is_superuser": true, "username": "ehsan", "first_name": "Ehsanul", "last_name": "Kabir", "email": "ehsanul.kabir.stn@gmail.com", "is_staff": true, "is_active": true, "date_joined": "2018-12-22T12:20:48Z", "groups": [], "user_permissions": []}}, {"model": "auth.user", "pk": 5, "fields": {"password": "pbkdf2_sha256$120000$aYJdwf8ZjrDY$xW1vqeps99QqKnllqzwvBhewOcIB6mXGKpZ3byoEjnY=", "last_login": "2018-12-23T17:23:08Z", "is_superuser": false, "username": "eklotan", "first_name": "Ehteshamul", "last_name": "Kabir", "email": "eklotan@gmail.com", "is_staff": false, "is_active": true, "date_joined": "2018-12-23T11:37:30Z", "groups": [], "user_permissions": []}}, {"model": "auth.user", "pk": 11, "fields": {"password": "pbkdf2_sha256$120000$WwfRwpJURhON$LvP1hTwOBSfyfW9JQ0ykwl+l7EqH28gwda8P9sB3MZ0=", "last_login": "2018-12-24T20:00:33.055Z", "is_superuser": false, "username": "auth", "first_name": "", "last_name": "", "email": "1305005.ek@ugrad.cse.buet.ac.bd", "is_staff": false, "is_active": true, "date_joined": "2018-12-24T19:57:43.929Z", "groups": [], "user_permissions": []}}, {"model": "auth.user", "pk": 12, "fields": {"password": "pbkdf2_sha256$120000$v0h4DuIHxoxn$W/cKrh1cMJvleh60fygYEzx5//dlst2Fgxo4Ve5s3GY=", "last_login": null, "is_superuser": false, "username": "tanim", "first_name": "Khairul", "last_name": "Tanim", "email": "tanim@gmail.com", "is_staff": false, "is_active": true, "date_joined": "2019-01-08T13:45:05Z", "groups": [], "user_permissions": []}}, {"model": "auth.user", "pk": 13, "fields": {"password": "pbkdf2_sha256$120000$UAnBVC2dcRzN$Ll3Jyp7qgUkbZae3Eo8SlqBADbfsLuxLZBKVS5h83yM=", "last_login": null, "is_superuser": false, "username": "sujon", "first_name": "Arifur", "last_name": "Sujon", "email": "sujon@gmail.com", "is_staff": false, "is_active": true, "date_joined": "2019-01-08T13:45:18Z", "groups": [], "user_permissions": []}}, {"model": "auth.user", "pk": 14, "fields": {"password": "pbkdf2_sha256$120000$GfrR8kVV3kMm$OGjLAPs4erqx9E0MHH9oIpJDsxLI/5qI4LOSO6aeQo0=", "last_login": "2019-06-26T17:31:46.270Z", "is_superuser": false, "username": "sifat", "first_name": "Abu", "last_name": "Sifat", "email": "sifat@gmail.com", "is_staff": false, "is_active": true, "date_joined": "2019-01-08T13:45:38Z", "groups": [], "user_permissions": []}}, {"model": "auth.user", "pk": 15, "fields": {"password": "pbkdf2_sha256$120000$Ox8RjaEDzNit$WQHInTF/17SEN+5UwlMEpF5PhuaIKO6XjNOcOcrKk88=", "last_login": "2019-01-29T19:10:23.039Z", "is_superuser": false, "username": "sumyea", "first_name": "Sumyea", "last_name": "Sinha", "email": "sumyea@gmail.com", "is_staff": false, "is_active": true, "date_joined": "2019-01-08T13:45:58Z", "groups": [], "user_permissions": []}}, {"model": "auth.user", "pk": 16, "fields": {"password": "pbkdf2_sha256$120000$LFVxW3TkFPJG$bWwio1OLGNk5uiDrCaFjO0aUy3hGmD4ieD17BQobAV0=", "last_login": "2019-01-23T15:05:40.724Z", "is_superuser": false, "username": "lamisa", "first_name": "Kazi", "last_name": "Farhat", "email": "lamisa@gmail.com", "is_staff": false, "is_active": true, "date_joined": "2019-01-08T13:46:08Z", "groups": [], "user_permissions": []}}, {"model": "auth.user", "pk": 23, "fields": {"password": "pbkdf2_sha256$120000$9k009lbwwsvv$yPTqvzCCUkLge+t1ZVzB7cmAtm6wS93tNQkLituLZcY=", "last_login": "2019-01-13T07:39:09Z", "is_superuser": false, "username": "arko", "first_name": "Preetom", "last_name": "Saha", "email": "arko@gmail.com", "is_staff": false, "is_active": true, "date_joined": "2019-01-12T15:56:44Z", "groups": [], "user_permissions": []}}, {"model": "auth.user", "pk": 24, "fields": {"password": "pbkdf2_sha256$120000$S9gplW0vlPCf$65zHhE0MYCRpsW2cZDMeB+ERF7+ATCous0vftPFKitY=", "last_login": null, "is_superuser": false, "username": "meem", "first_name": "Meem", "last_name": "Arafat", "email": "meem@gmail.com", "is_staff": false, "is_active": true, "date_joined": "2019-01-12T16:32:16Z", "groups": [], "user_permissions": []}}, {"model": "auth.user", "pk": 25, "fields": {"password": "pbkdf2_sha256$120000$9nrsa3FrdOMP$knkxsADp/rZfK09i9x/+S5Gm3W2DxaEZVWdAE6zFGDs=", "last_login": null, "is_superuser": false, "username": "paean", "first_name": "", "last_name": "", "email": "paean@gmail.com", "is_staff": false, "is_active": true, "date_joined": "2019-01-12T16:36:07.478Z", "groups": [], "user_permissions": []}}, {"model": "auth.user", "pk": 26, "fields": {"password": "pbkdf2_sha256$120000$Ts88qEFRF3PY$oNzoOFIv/hNcwqQSrEkFxqNiTl5KIo2PWkMSJi+wdnM=", "last_login": "2019-01-13T07:49:03.998Z", "is_superuser": false, "username": "schakrabarty", "first_name": "Shakkhar", "last_name": "Chakraborty", "email": "shakkhar@gmail.com", "is_staff": false, "is_active": true, "date_joined": "2019-01-13T07:48:54.603Z", "groups": [], "user_permissions": []}}, {"model": "auth.user", "pk": 27, "fields": {"password": "pbkdf2_sha256$120000$cpxL5igK2ezD$S0awO7cqHsBENFW+7x67JDq3omHt4PnjKPIKsbIcfxU=", "last_login": null, "is_superuser": false, "username": "alif", "first_name": "Alif", "last_name": "Hossain", "email": "alif@gmail.com", "is_staff": false, "is_active": true, "date_joined": "2019-01-19T08:25:57.768Z", "groups": [], "user_permissions": []}}, {"model": "auth.user", "pk": 28, "fields": {"password": "pbkdf2_sha256$120000$8UzKbAUEFQA5$by8hLVtcNIaJ+kJYYgP6hKPGnjpotHo6TarX110F7I0=", "last_login": "2019-01-19T08:43:08.437Z", "is_superuser": false, "username": "saif", "first_name": "Saif", "last_name": "Hossain", "email": "saif@gmail.com", "is_staff": false, "is_active": true, "date_joined": "2019-01-19T08:41:48.444Z", "groups": [], "user_permissions": []}}, {"model": "auth.user", "pk": 29, "fields": {"password": "pbkdf2_sha256$120000$Ny6V1q8VwJ1G$E/B8y4CY/aRAKgA2hi11QO9GGUL9pfYMtViKwehPHq4=", "last_login": "2019-01-20T08:38:48.579Z", "is_superuser": false, "username": "naim", "first_name": "Naim", "last_name": "Ali", "email": "naim@gmail.com", "is_staff": false, "is_active": true, "date_joined": "2019-01-20T08:21:11.602Z", "groups": [], "user_permissions": []}}, {"model": "auth.user", "pk": 30, "fields": {"password": "pbkdf2_sha256$120000$8XwnxwuBgRqC$iqwG28ZdLiiiWojKjRJ5IjWnjZs8t2LV+rpiMBkmrKw=", "last_login": null, "is_superuser": false, "username": "ajom", "first_name": "Ajom", "last_name": "Khan", "email": "ajom@gmail.com", "is_staff": false, "is_active": true, "date_joined": "2019-01-21T18:01:16.913Z", "groups": [], "user_permissions": []}}, {"model": "auth.user", "pk": 31, "fields": {"password": "pbkdf2_sha256$120000$qgOecWwnociz$E9foEnp5t+fySpy7iN6tiRZ+MdxKPH8RqwLEDxjt6JM=", "last_login": "2019-01-23T19:02:01.783Z", "is_superuser": false, "username": "kim1", "first_name": "Kim", "last_name": "One", "email": "kim1@gmail.com", "is_staff": false, "is_active": true, "date_joined": "2019-01-23T16:04:59Z", "groups": [], "user_permissions": []}}, {"model": "auth.user", "pk": 32, "fields": {"password": "pbkdf2_sha256$120000$I7eNrFmURUGJ$ODHs6s+t22g2GMnPAqX8ggjJfkAd6m/ufcU02lwzCS0=", "last_login": null, "is_superuser": false, "username": "kim2", "first_name": "Kim", "last_name": "Two", "email": "kim2@gmail.com", "is_staff": false, "is_active": true, "date_joined": "2019-01-23T16:05:35Z", "groups": [], "user_permissions": []}}, {"model": "auth.user", "pk": 33, "fields": {"password": "pbkdf2_sha256$120000$w6HNfqBlHEmv$jBKaP4+i7G77at30oc18sDmU4j8iYTIpJ4D74B4FYHQ=", "last_login": null, "is_superuser": false, "username": "kim3", "first_name": "Kim", "last_name": "Three", "email": "kim3@gmail.com", "is_staff": false, "is_active": true, "date_joined": "2019-01-23T16:06:01Z", "groups": [], "user_permissions": []}}, {"model": "auth.user", "pk": 34, "fields": {"password": "pbkdf2_sha256$120000$w2CNeMe0CsY1$U5W4BqvrUKRg0ZasGZXKJbo2XdvCa/tkOPRzYS6QPt4=", "last_login": null, "is_superuser": false, "username": "kim4", "first_name": "Kim", "last_name": "Four", "email": "kim4@gmail.com", "is_staff": false, "is_active": true, "date_joined": "2019-01-23T16:06:26Z", "groups": [], "user_permissions": []}}, {"model": "auth.user", "pk": 35, "fields": {"password": "pbkdf2_sha256$120000$Hpl4VmITvtOY$flkBfnCNOekwAoIHvEGt9U4Z810nseics30/z5jh4tA=", "last_login": null, "is_superuser": false, "username": "kim5", "first_name": "Kim", "last_name": "Five", "email": "kim5@gmail.com", "is_staff": false, "is_active": true, "date_joined": "2019-01-23T16:06:50Z", "groups": [], "user_permissions": []}}, {"model": "auth.user", "pk": 36, "fields": {"password": "pbkdf2_sha256$120000$BnnQBkmvspP4$1f220LcEOB4GCflf7vA5V62KXcNxdL8fKsDtAKIzHAQ=", "last_login": null, "is_superuser": false, "username": "kim6", "first_name": "Kim", "last_name": "Six", "email": "kim6@gmail.com", "is_staff": false, "is_active": true, "date_joined": "2019-01-23T16:07:16Z", "groups": [], "user_permissions": []}}, {"model": "auth.user", "pk": 37, "fields": {"password": "pbkdf2_sha256$120000$BjVr6vLZi3bv$H2ACATqAkLQSbNXE/E9qGmvdoqmUmmYDZBwhbx7P/9I=", "last_login": "2019-05-29T16:57:59.150Z", "is_superuser": false, "username": "mustak05", "first_name": "Mustak", "last_name": "Ayub", "email": "miayub@du.ac.bd", "is_staff": false, "is_active": true, "date_joined": "2019-01-28T04:49:23.502Z", "groups": [], "user_permissions": []}}, {"model": "auth.user", "pk": 38, "fields": {"password": "pbkdf2_sha256$120000$Vc0Hw2tAunWQ$y9oF0G0cFWU0rCkLHfz+GfzpbD+eJXA2lGkcUsy9o8A=", "last_login": "2019-02-10T07:09:39.037Z", "is_superuser": false, "username": "cb15", "first_name": "Camille", "last_name": "Boullenois", "email": "camille.boullenois@gmail.com", "is_staff": false, "is_active": true, "date_joined": "2019-01-29T02:05:36.599Z", "groups": [], "user_permissions": []}}, {"model": "auth.user", "pk": 39, "fields": {"password": "pbkdf2_sha256$120000$yduGD2BmSJkM$RBvyP5t6QlPA05ALwsrhSxY6Ip2K0EkRajATBCaQBSc=", "last_login": "2019-02-15T09:52:11.062Z", "is_superuser": false, "username": "davidduan", "first_name": "David", "last_name": "Duan", "email": "davidduan_xmu@foxmail.com", "is_staff": false, "is_active": true, "date_joined": "2019-02-15T09:52:00.941Z", "groups": [], "user_permissions": []}}, {"model": "auth.user", "pk": 41, "fields": {"password": "pbkdf2_sha256$120000$kkR3Th5H1GEw$OlL1JuZOrSeVrqGZvf2URSvyVNGPppo5A7XWLJv+G+s=", "last_login": null, "is_superuser": false, "username": "h.i", "first_name": "h", "last_name": "i", "email": "h@gmail.com", "is_staff": false, "is_active": true, "date_joined": "2019-03-04T13:31:41.771Z", "groups": [], "user_permissions": []}}, {"model": "auth.user", "pk": 43, "fields": {"password": "pbkdf2_sha256$120000$5EzUj1ycD5nM$yYOK6WCABHF9zx52rEPYWLRcnoRDi7Wate9oGU7KSXI=", "last_login": "2019-03-09T14:14:34.850Z", "is_superuser": false, "username": "clingb", "first_name": "Clin", "last_name": "spp", "email": "clingb@gmail.com", "is_staff": false, "is_active": true, "date_joined": "2019-03-09T14:06:59.229Z", "groups": [], "user_permissions": []}}, {"model": "auth.user", "pk": 45, "fields": {"password": "pbkdf2_sha256$120000$GvQwZQD4r3nl$1btB4K2GWDHrnijPHINclc5t/S5G943z+ZMRAr1ZTPE=", "last_login": "2019-03-09T14:50:06.875Z", "is_superuser": false, "username": "pias_123456", "first_name": "Pias", "last_name": "Kumaar", "email": "piasdas83@gmail.com", "is_staff": false, "is_active": true, "date_joined": "2019-03-09T14:42:52Z", "groups": [], "user_permissions": []}}, {"model": "auth.user", "pk": 46, "fields": {"password": "pbkdf2_sha256$120000$mzCFB6chnH5m$YwAyYWdevoacBjc6CxsXmJR5nl3YnJZa3GCc4NSqGMc=", "last_login": "2019-03-10T05:17:54.925Z", "is_superuser": false, "username": "wepoka", "first_name": "Md", "last_name": "Amit", "email": "eklotan@yahoo.com", "is_staff": false, "is_active": true, "date_joined": "2019-03-10T05:17:34.375Z", "groups": [], "user_permissions": []}}, {"model": "auth.user", "pk": 47, "fields": {"password": "pbkdf2_sha256$120000$yBZRcMHWAC4i$689zfBNyc/UiROpsq5r1rci6QaL8RqTn3m/2kBWgTk0=", "last_login": "2019-03-17T17:26:06.767Z", "is_superuser": false, "username": "doctorD", "first_name": "Diederik", "last_name": "Roijers", "email": "zandloper@gmail.com", "is_staff": false, "is_active": true, "date_joined": "2019-03-17T17:25:44.970Z", "groups": [], "user_permissions": []}}, {"model": "auth.user", "pk": 48, "fields": {"password": "pbkdf2_sha256$120000$3hQ2fatUvpZD$Ihg4A4EgVgFom1XZT9zGMno4Pn6Tmoa1L3gwMdpFpvc=", "last_login": "2019-04-13T17:04:16.839Z", "is_superuser": false, "username": "cksaha", "first_name": "Chayan Kumar", "last_name": "Saha", "email": "chayan.kumar@umu.se", "is_staff": false, "is_active": true, "date_joined": "2019-04-13T17:03:51.177Z", "groups": [], "user_permissions": []}}, {"model": "auth.user", "pk": 49, "fields": {"password": "pbkdf2_sha256$120000$2M4iQ6TxsHBK$GtKxVf1Lq0EpFXcXEigVKMZhujnrY9LrGJLQJELsI7E=", "last_login": "2019-04-13T18:10:28.461Z", "is_superuser": false, "username": "shamir.montazid", "first_name": "Shamir", "last_name": "Montazid", "email": "shamir.montazid@balliol.ox.ac.uk", "is_staff": false, "is_active": true, "date_joined": "2019-04-13T17:49:54.028Z", "groups": [], "user_permissions": []}}, {"model": "auth.user", "pk": 50, "fields": {"password": "pbkdf2_sha256$120000$XWbTbgc0oTvo$gZw1vjE94NXOf1WSyhz8KWkIR+F0zLsxPF5KeQ4ATWU=", "last_login": "2019-05-27T13:10:05.030Z", "is_superuser": false, "username": "Mahbub", "first_name": "S M Mahbubur", "last_name": "Rashid", "email": "mahbubur.rashid@du.ac.bd", "is_staff": false, "is_active": true, "date_joined": "2019-04-14T07:26:03.641Z", "groups": [], "user_permissions": []}}, {"model": "auth.user", "pk": 51, "fields": {"password": "pbkdf2_sha256$120000$7SZUSlykm76P$tc6KJNTa8P6kGWqzRJmUDBhkWyb8OVzNkyjSx039nUo=", "last_login": "2019-04-14T08:07:55.631Z", "is_superuser": false, "username": "test01", "first_name": "Kabir Test", "last_name": "Test01", "email": "turagbus@gmail.com", "is_staff": false, "is_active": true, "date_joined": "2019-04-14T08:06:53.540Z", "groups": [], "user_permissions": []}}, {"model": "auth.user", "pk": 52, "fields": {"password": "pbkdf2_sha256$120000$JjjZmFS5Dg41$pEIEq5wTYq9D59MLFlUxUim/mA6o6eB+zVjJuVA3sUQ=", "last_login": "2019-04-14T08:27:15.060Z", "is_superuser": false, "username": "jahan002", "first_name": "Nusrat", "last_name": "jahan", "email": "nj.babun2432546ffi@gmail.com", "is_staff": false, "is_active": true, "date_joined": "2019-04-14T08:25:48.853Z", "groups": [], "user_permissions": []}}, {"model": "auth.user", "pk": 53, "fields": {"password": "pbkdf2_sha256$120000$4HlNRUJJ5PSs$cPFr3lVSVCRyryfx0LdGM+IKrgIg7PxoDpgJv7vWWGw=", "last_login": null, "is_superuser": false, "username": "testother", "first_name": "test", "last_name": "test", "email": "clingb@gmail.com", "is_staff": false, "is_active": true, "date_joined": "2019-04-16T04:29:38.265Z", "groups": [], "user_permissions": []}}, {"model": "auth.user", "pk": 54, "fields": {"password": "pbkdf2_sha256$120000$XKf2BSOAd6cs$PhUSD87kWMRWKKsCECJ8DDtwATmuGR+KSwfkr8z9mAs=", "last_login": "2019-04-16T05:36:58.084Z", "is_superuser": false, "username": "jondoe", "first_name": "Jon", "last_name": "Doe", "email": "jondoe@gmail.com", "is_staff": false, "is_active": true, "date_joined": "2019-04-16T05:25:22.183Z", "groups": [], "user_permissions": []}}, {"model": "auth.user", "pk": 55, "fields": {"password": "pbkdf2_sha256$120000$8h7BQ0WNb0x4$CNMpceWkp1L2HyaXTJeS4rM0KWjBbCXeaBrgiwQYFj4=", "last_login": "2019-04-16T13:09:25.369Z", "is_superuser": false, "username": "mahmud0907", "first_name": "Abdullah", "last_name": "Mahmud-Al-Rafat", "email": "mahmud0907@gmail.com", "is_staff": false, "is_active": true, "date_joined": "2019-04-16T13:07:24.539Z", "groups": [], "user_permissions": []}}, {"model": "auth.user", "pk": 56, "fields": {"password": "pbkdf2_sha256$120000$CfPjfG9CCk4P$C923ps8NhwSAEkgGkG7uvyN+ZNxuf6HzPc+GM1DIhvM=", "last_login": "2019-04-17T16:53:48.360Z", "is_superuser": false, "username": "Mustak", "first_name": "M", "last_name": "Ayub", "email": "nesar.pip@gmail.com", "is_staff": false, "is_active": true, "date_joined": "2019-04-17T16:53:24.665Z", "groups": [], "user_permissions": []}}, {"model": "auth.user", "pk": 57, "fields": {"password": "pbkdf2_sha256$120000$QpXAOZudRkUt$pxmoBlt6LXWtXsirfqlEAand0sfMh8CuFLw2VtgSIDs=", "last_login": "2019-04-19T13:59:47.488Z", "is_superuser": false, "username": "mainuljs", "first_name": "Mainul", "last_name": "Islam", "email": "mainuljs@gmail.com", "is_staff": false, "is_active": true, "date_joined": "2019-04-19T13:51:02.788Z", "groups": [], "user_permissions": []}}, {"model": "auth.user", "pk": 58, "fields": {"password": "pbkdf2_sha256$120000$zY9VRisXOA48$b1J3+Ke3hVak1ImpdzP+RRF7gETZ487s9mJHR4+mu8o=", "last_login": null, "is_superuser": false, "username": "Psaha", "first_name": "Pampa", "last_name": "Saha", "email": "pampas1984@gmail.com", "is_staff": false, "is_active": true, "date_joined": "2019-05-06T15:08:11.752Z", "groups": [], "user_permissions": []}}, {"model": "auth.user", "pk": 59, "fields": {"password": "pbkdf2_sha256$120000$NOusVgtMxNkM$1amhfPe0O99SyvcnEX7nYDkL2CSwHtmKPS3kFWyIrOc=", "last_login": "2019-05-12T03:37:07.482Z", "is_superuser": false, "username": "anirudha92", "first_name": "anirudha", "last_name": "ratan dash", "email": "anirudharatandash@gmail.com", "is_staff": false, "is_active": true, "date_joined": "2019-05-12T03:36:52.894Z", "groups": [], "user_permissions": []}}, {"model": "auth.user", "pk": 60, "fields": {"password": "pbkdf2_sha256$120000$49uGkyc7njLS$e13tYNMjWyM+e05mu+RtxLtLWKtpwXdeyVewWZI7cVI=", "last_login": "2019-05-15T08:01:59.401Z", "is_superuser": false, "username": "kabirmay@gmail.com", "first_name": "Kabir", "last_name": "May", "email": "kabirmay@gmail.com", "is_staff": false, "is_active": true, "date_joined": "2019-05-15T08:01:42.603Z", "groups": [], "user_permissions": []}}, {"model": "auth.user", "pk": 61, "fields": {"password": "pbkdf2_sha256$120000$NKjAHLAsZCZn$H2Tk8Q0rWLH9d6ce/+yUHHWPjReggQfuajF0FKhUq58=", "last_login": "2019-05-27T13:50:15.807Z", "is_superuser": false, "username": "jb17872", "first_name": "Jacob", "last_name": "Bellamy", "email": "jb17872@bristol.ac.uk", "is_staff": false, "is_active": true, "date_joined": "2019-05-27T13:49:56.541Z", "groups": [], "user_permissions": []}}, {"model": "auth.user", "pk": 62, "fields": {"password": "pbkdf2_sha256$120000$7iw4g25SmjcN$rTyVAUgwqN2XMaBuiXv4eDEcoZ0aK+01I8eMIKeJ1MI=", "last_login": "2019-05-29T16:56:12.402Z", "is_superuser": false, "username": "brendan.fon", "first_name": "Brendan", "last_name": "Fong", "email": "bfo@mit.edu", "is_staff": false, "is_active": true, "date_joined": "2019-05-29T16:55:50.137Z", "groups": [], "user_permissions": []}}, {"model": "auth.user", "pk": 63, "fields": {"password": "pbkdf2_sha256$120000$t6CJvViQkofd$Cmvtpp+RZ2UXOOdaC8pF7P09u0QhYMz/A57eipOT0bE=", "last_login": "2019-06-13T21:32:58.581Z", "is_superuser": false, "username": "baky_forhad", "first_name": "baky", "last_name": "forhad", "email": "bakiforhad11@gmail.com", "is_staff": false, "is_active": true, "date_joined": "2019-06-13T21:32:01.067Z", "groups": [], "user_permissions": []}}, {"model": "auth.user", "pk": 64, "fields": {"password": "pbkdf2_sha256$120000$Bx9rqa3p5Czv$NN+N0m07pxxjxNk1ZhKDDxuBIZ2yayDEWHXXxaRp3CU=", "last_login": "2019-06-19T16:55:38.021Z", "is_superuser": true, "username": "admin", "first_name": "", "last_name": "", "email": "", "is_staff": true, "is_active": true, "date_joined": "2019-06-15T13:33:04.175Z", "groups": [], "user_permissions": []}}, {"model": "auth.user", "pk": 69, "fields": {"password": "pbkdf2_sha256$120000$UTXcTf0OohTH$aoutsarehyZwI12XsBqwzVsXfnzhLFiRL8W9v2zJ2W4=", "last_login": "2019-06-16T18:21:54.568Z", "is_superuser": false, "username": "ruhshanZ", "first_name": "Ruhshan", "last_name": "Ahmed", "email": "aruhshan.ahmed@gmail.com", "is_staff": false, "is_active": true, "date_joined": "2019-06-16T18:21:18.887Z", "groups": [], "user_permissions": []}}, {"model": "auth.user", "pk": 70, "fields": {"password": "pbkdf2_sha256$120000$BXYYn0QWw5D8$YycquVjUdcrd3+5ojTYzQ/01sNPzrsaXfPDunayeF58=", "last_login": "2019-06-16T18:28:31.981Z", "is_superuser": false, "username": "ruhshan2", "first_name": "Ruhshan", "last_name": "Ahmed", "email": "ahmed.ruhshan@gmail.com", "is_staff": false, "is_active": true, "date_joined": "2019-06-16T18:28:15.113Z", "groups": [], "user_permissions": []}}, {"model": "auth.user", "pk": 71, "fields": {"password": "pbkdf2_sha256$120000$dBCsHyZQE1Xb$2wFcV3KK+Pl4FZGy/H9kyBPHHPQdhe5lGqkDJmMDysg=", "last_login": "2019-06-16T18:33:58.930Z", "is_superuser": false, "username": "ruhshanabir", "first_name": "Ruhshan", "last_name": "Ahmed", "email": "xahmed.ruhshan@gmail.com", "is_staff": false, "is_active": true, "date_joined": "2019-06-16T18:33:40.152Z", "groups": [], "user_permissions": []}}, {"model": "auth.user", "pk": 72, "fields": {"password": "pbkdf2_sha256$120000$2Uy6dYwIm2BZ$nGSjMBJ1IwJEMZ38pa1BbFiFlfqtZjMx5tEDSyDo6jA=", "last_login": "2019-06-16T18:36:21.882Z", "is_superuser": false, "username": "abir", "first_name": "r", "last_name": "a", "email": "abir@gmail.com", "is_staff": false, "is_active": true, "date_joined": "2019-06-16T18:36:07.826Z", "groups": [], "user_permissions": []}}, {"model": "auth.user", "pk": 73, "fields": {"password": "pbkdf2_sha256$120000$io1F3uXy7aEq$afocnnGkEum2fVa08LdO7IjJM5Mw47Wx4e/L98T3jjE=", "last_login": null, "is_superuser": false, "username": "abira", "first_name": "abir", "last_name": "ahmed", "email": "abir@gmal.com", "is_staff": false, "is_active": true, "date_joined": "2019-06-17T16:08:58.473Z", "groups": [], "user_permissions": []}}, {"model": "auth.user", "pk": 74, "fields": {"password": "pbkdf2_sha256$120000$r3LQ7YOwLc0u$Y4uAzipy7saWOIqCgBm5fP5UILfxnGcAZH31t+sd6V4=", "last_login": null, "is_superuser": false, "username": "testone", "first_name": "Test One", "last_name": "One", "email": "testone@gmail.com", "is_staff": false, "is_active": true, "date_joined": "2019-06-17T16:17:30.733Z", "groups": [], "user_permissions": []}}, {"model": "auth.user", "pk": 78, "fields": {"password": "pbkdf2_sha256$120000$2up2KzOP0mOk$3yhVGS7yZCAIa+CWKzp2T/itYH6tpv9QQ9WEnUG9lHM=", "last_login": "2019-06-25T15:24:24.353Z", "is_superuser": false, "username": "ruhshan", "first_name": "Ruhshan", "last_name": "ahmed", "email": "ruhshan.ahmed@gmail.com", "is_staff": false, "is_active": true, "date_joined": "2019-06-19T17:00:38.637Z", "groups": [], "user_permissions": []}}, {"model": "sessions.session", "pk": "0m0b2i97lple7d5o139dkspvxcaakcmy", "fields": {"session_data": "YTUwOTUxYmYyM2E1OGZjZWU5NmJmNzM1MWNhNDViOGM5YjczNTc3Yjp7Il9hdXRoX3VzZXJfaWQiOiIxNCIsIl9hdXRoX3VzZXJfYmFja2VuZCI6ImRqYW5nby5jb250cmliLmF1dGguYmFja2VuZHMuTW9kZWxCYWNrZW5kIiwiX2F1dGhfdXNlcl9oYXNoIjoiYzVlYjBlNjQxMDYzYzAyYzhkYTNmYzY3OGQ1MTJlZTk2ZWNiMDMwMSJ9", "expire_date": "2019-05-17T18:17:40.360Z"}}, {"model": "sessions.session", "pk": "0rrth755c702uo34jc3901d75r6minf2", "fields": {"session_data": "YTUwOTUxYmYyM2E1OGZjZWU5NmJmNzM1MWNhNDViOGM5YjczNTc3Yjp7Il9hdXRoX3VzZXJfaWQiOiIxNCIsIl9hdXRoX3VzZXJfYmFja2VuZCI6ImRqYW5nby5jb250cmliLmF1dGguYmFja2VuZHMuTW9kZWxCYWNrZW5kIiwiX2F1dGhfdXNlcl9oYXNoIjoiYzVlYjBlNjQxMDYzYzAyYzhkYTNmYzY3OGQ1MTJlZTk2ZWNiMDMwMSJ9", "expire_date": "2019-06-27T17:06:24.649Z"}}, {"model": "sessions.session", "pk": "0ukapayjtcyjmfuavafqxectdhptmsgz", "fields": {"session_data": "YmFiYmVjNGRmZTczZmFmNWJmZjU0MzBjODc0NWVhNjU0MzhjOTFmNjp7Il9hdXRoX3VzZXJfaWQiOiI2NCIsIl9hdXRoX3VzZXJfYmFja2VuZCI6ImRqYW5nby5jb250cmliLmF1dGguYmFja2VuZHMuTW9kZWxCYWNrZW5kIiwiX2F1dGhfdXNlcl9oYXNoIjoiNWQyY2YzYzdhNmFiYzBjYTEzNWQ2MTQ0ZTJmOWM3MjZjNWQ1MjRlNyJ9", "expire_date": "2019-07-01T16:20:44.300Z"}}, {"model": "sessions.session", "pk": "10avxx5vza8kx5hxsa16kcta3qa0e4bd", "fields": {"session_data": "YTUwOTUxYmYyM2E1OGZjZWU5NmJmNzM1MWNhNDViOGM5YjczNTc3Yjp7Il9hdXRoX3VzZXJfaWQiOiIxNCIsIl9hdXRoX3VzZXJfYmFja2VuZCI6ImRqYW5nby5jb250cmliLmF1dGguYmFja2VuZHMuTW9kZWxCYWNrZW5kIiwiX2F1dGhfdXNlcl9oYXNoIjoiYzVlYjBlNjQxMDYzYzAyYzhkYTNmYzY3OGQ1MTJlZTk2ZWNiMDMwMSJ9", "expire_date": "2019-04-26T11:04:11.301Z"}}, {"model": "sessions.session", "pk": "1rnehyk317r5fdmyudbxxnl5zuom9bk1", "fields": {"session_data": "YTUwOTUxYmYyM2E1OGZjZWU5NmJmNzM1MWNhNDViOGM5YjczNTc3Yjp7Il9hdXRoX3VzZXJfaWQiOiIxNCIsIl9hdXRoX3VzZXJfYmFja2VuZCI6ImRqYW5nby5jb250cmliLmF1dGguYmFja2VuZHMuTW9kZWxCYWNrZW5kIiwiX2F1dGhfdXNlcl9oYXNoIjoiYzVlYjBlNjQxMDYzYzAyYzhkYTNmYzY3OGQ1MTJlZTk2ZWNiMDMwMSJ9", "expire_date": "2019-02-21T04:30:44.248Z"}}, {"model": "sessions.session", "pk": "282rsi5h6uqcahzk6jzcboydhiyvllm8", "fields": {"session_data": "NzM1OGE3NmY3MDI5NGU1NGRjNmY2Mjc3YzllOTAzMzliZTg1OWRhODp7Il9hdXRoX3VzZXJfaWQiOiIzNyIsIl9hdXRoX3VzZXJfYmFja2VuZCI6ImRqYW5nby5jb250cmliLmF1dGguYmFja2VuZHMuTW9kZWxCYWNrZW5kIiwiX2F1dGhfdXNlcl9oYXNoIjoiOWM4YjNkNTU4YTdlYjE4ZGJiYjE1NzBhYWRiZmQ2ZjA3ODk4NWFmZiJ9", "expire_date": "2019-04-04T16:54:43.575Z"}}, {"model": "sessions.session", "pk": "28mc9ke0r969uhs77crbuf0dpbjxnbfh", "fields": {"session_data": "YTUwOTUxYmYyM2E1OGZjZWU5NmJmNzM1MWNhNDViOGM5YjczNTc3Yjp7Il9hdXRoX3VzZXJfaWQiOiIxNCIsIl9hdXRoX3VzZXJfYmFja2VuZCI6ImRqYW5nby5jb250cmliLmF1dGguYmFja2VuZHMuTW9kZWxCYWNrZW5kIiwiX2F1dGhfdXNlcl9oYXNoIjoiYzVlYjBlNjQxMDYzYzAyYzhkYTNmYzY3OGQ1MTJlZTk2ZWNiMDMwMSJ9", "expire_date": "2019-05-04T16:35:13.243Z"}}, {"model": "sessions.session", "pk": "2mrk118q84vxj0bcqm4sfm8en8xkc2ds", "fields": {"session_data": "YTUwOTUxYmYyM2E1OGZjZWU5NmJmNzM1MWNhNDViOGM5YjczNTc3Yjp7Il9hdXRoX3VzZXJfaWQiOiIxNCIsIl9hdXRoX3VzZXJfYmFja2VuZCI6ImRqYW5nby5jb250cmliLmF1dGguYmFja2VuZHMuTW9kZWxCYWNrZW5kIiwiX2F1dGhfdXNlcl9oYXNoIjoiYzVlYjBlNjQxMDYzYzAyYzhkYTNmYzY3OGQ1MTJlZTk2ZWNiMDMwMSJ9", "expire_date": "2019-07-10T17:31:46.359Z"}}, {"model": "sessions.session", "pk": "359c67fojgsxnfku60ispztnec0cp1yj", "fields": {"session_data": "YTUwOTUxYmYyM2E1OGZjZWU5NmJmNzM1MWNhNDViOGM5YjczNTc3Yjp7Il9hdXRoX3VzZXJfaWQiOiIxNCIsIl9hdXRoX3VzZXJfYmFja2VuZCI6ImRqYW5nby5jb250cmliLmF1dGguYmFja2VuZHMuTW9kZWxCYWNrZW5kIiwiX2F1dGhfdXNlcl9oYXNoIjoiYzVlYjBlNjQxMDYzYzAyYzhkYTNmYzY3OGQ1MTJlZTk2ZWNiMDMwMSJ9", "expire_date": "2019-03-30T07:43:04.079Z"}}, {"model": "sessions.session", "pk": "3msbcn9caviur422zia9ec1xy6kv7k8v", "fields": {"session_data": "YTUwOTUxYmYyM2E1OGZjZWU5NmJmNzM1MWNhNDViOGM5YjczNTc3Yjp7Il9hdXRoX3VzZXJfaWQiOiIxNCIsIl9hdXRoX3VzZXJfYmFja2VuZCI6ImRqYW5nby5jb250cmliLmF1dGguYmFja2VuZHMuTW9kZWxCYWNrZW5kIiwiX2F1dGhfdXNlcl9oYXNoIjoiYzVlYjBlNjQxMDYzYzAyYzhkYTNmYzY3OGQ1MTJlZTk2ZWNiMDMwMSJ9", "expire_date": "2019-04-21T06:11:01.046Z"}}, {"model": "sessions.session", "pk": "3pbzq8vkjlce86gpp6rdo6svgxm2yc6p", "fields": {"session_data": "YTUwOTUxYmYyM2E1OGZjZWU5NmJmNzM1MWNhNDViOGM5YjczNTc3Yjp7Il9hdXRoX3VzZXJfaWQiOiIxNCIsIl9hdXRoX3VzZXJfYmFja2VuZCI6ImRqYW5nby5jb250cmliLmF1dGguYmFja2VuZHMuTW9kZWxCYWNrZW5kIiwiX2F1dGhfdXNlcl9oYXNoIjoiYzVlYjBlNjQxMDYzYzAyYzhkYTNmYzY3OGQ1MTJlZTk2ZWNiMDMwMSJ9", "expire_date": "2019-04-20T07:21:51.171Z"}}, {"model": "sessions.session", "pk": "41g5h1psttv4r9kyyuvm2vp03tbz9vor", "fields": {"session_data": "YmVjMGE2MWNkMjY4YmVkZWJhNWUyOGI5NGY1M2UxNzkzZjdjZTg3MTp7Il9hdXRoX3VzZXJfaWQiOiI1MCIsIl9hdXRoX3VzZXJfYmFja2VuZCI6ImRqYW5nby5jb250cmliLmF1dGguYmFja2VuZHMuTW9kZWxCYWNrZW5kIiwiX2F1dGhfdXNlcl9oYXNoIjoiZWMyOTIyYjUzMWI4YjNkMjY2OGU1MGQwNjRiZjFlZDQyZTZjMzAwYiJ9", "expire_date": "2019-06-10T13:10:05.035Z"}}, {"model": "sessions.session", "pk": "44okj2tgnf9i4gynz1x0q4j24cna605e", "fields": {"session_data": "NzM1OGE3NmY3MDI5NGU1NGRjNmY2Mjc3YzllOTAzMzliZTg1OWRhODp7Il9hdXRoX3VzZXJfaWQiOiIzNyIsIl9hdXRoX3VzZXJfYmFja2VuZCI6ImRqYW5nby5jb250cmliLmF1dGguYmFja2VuZHMuTW9kZWxCYWNrZW5kIiwiX2F1dGhfdXNlcl9oYXNoIjoiOWM4YjNkNTU4YTdlYjE4ZGJiYjE1NzBhYWRiZmQ2ZjA3ODk4NWFmZiJ9", "expire_date": "2019-02-11T04:50:08.381Z"}}, {"model": "sessions.session", "pk": "4ivjrjfl4cji6p21pxn4ln6r3kqiu6rn", "fields": {"session_data": "YTUwOTUxYmYyM2E1OGZjZWU5NmJmNzM1MWNhNDViOGM5YjczNTc3Yjp7Il9hdXRoX3VzZXJfaWQiOiIxNCIsIl9hdXRoX3VzZXJfYmFja2VuZCI6ImRqYW5nby5jb250cmliLmF1dGguYmFja2VuZHMuTW9kZWxCYWNrZW5kIiwiX2F1dGhfdXNlcl9oYXNoIjoiYzVlYjBlNjQxMDYzYzAyYzhkYTNmYzY3OGQ1MTJlZTk2ZWNiMDMwMSJ9", "expire_date": "2019-03-26T10:35:10.838Z"}}, {"model": "sessions.session", "pk": "4tb0dd3mlf0jf854v9m0rtkja7tk8sum", "fields": {"session_data": "NzM1OGE3NmY3MDI5NGU1NGRjNmY2Mjc3YzllOTAzMzliZTg1OWRhODp7Il9hdXRoX3VzZXJfaWQiOiIzNyIsIl9hdXRoX3VzZXJfYmFja2VuZCI6ImRqYW5nby5jb250cmliLmF1dGguYmFja2VuZHMuTW9kZWxCYWNrZW5kIiwiX2F1dGhfdXNlcl9oYXNoIjoiOWM4YjNkNTU4YTdlYjE4ZGJiYjE1NzBhYWRiZmQ2ZjA3ODk4NWFmZiJ9", "expire_date": "2019-03-17T07:14:17.702Z"}}, {"model": "sessions.session", "pk": "4zngxy5ywhnfb18i57qdkk3qmw83ebcs", "fields": {"session_data": "YWZlNGQxZGVjOTVhMmU4NGU5MjFjYmMyMGVmMzNmM2MwNzJhMjM5ZDp7Il9hdXRoX3VzZXJfaWQiOiIxIiwiX2F1dGhfdXNlcl9iYWNrZW5kIjoiZGphbmdvLmNvbnRyaWIuYXV0aC5iYWNrZW5kcy5Nb2RlbEJhY2tlbmQiLCJfYXV0aF91c2VyX2hhc2giOiJiMjM3MjUwYzJjMzJjYTVmZTBlYzk4OTJhODNhMjI3NmRhYTYwM2UxIn0=", "expire_date": "2019-05-03T16:43:01.314Z"}}, {"model": "sessions.session", "pk": "65cq04dz4e39vkjm1pr56pz3iz4kt6bs", "fields": {"session_data": "YTUwOTUxYmYyM2E1OGZjZWU5NmJmNzM1MWNhNDViOGM5YjczNTc3Yjp7Il9hdXRoX3VzZXJfaWQiOiIxNCIsIl9hdXRoX3VzZXJfYmFja2VuZCI6ImRqYW5nby5jb250cmliLmF1dGguYmFja2VuZHMuTW9kZWxCYWNrZW5kIiwiX2F1dGhfdXNlcl9oYXNoIjoiYzVlYjBlNjQxMDYzYzAyYzhkYTNmYzY3OGQ1MTJlZTk2ZWNiMDMwMSJ9", "expire_date": "2019-05-02T15:32:57.122Z"}}, {"model": "sessions.session", "pk": "6j5pmmddruy69nl3b7tz3x987u5r4lvn", "fields": {"session_data": "YTUwOTUxYmYyM2E1OGZjZWU5NmJmNzM1MWNhNDViOGM5YjczNTc3Yjp7Il9hdXRoX3VzZXJfaWQiOiIxNCIsIl9hdXRoX3VzZXJfYmFja2VuZCI6ImRqYW5nby5jb250cmliLmF1dGguYmFja2VuZHMuTW9kZWxCYWNrZW5kIiwiX2F1dGhfdXNlcl9oYXNoIjoiYzVlYjBlNjQxMDYzYzAyYzhkYTNmYzY3OGQ1MTJlZTk2ZWNiMDMwMSJ9", "expire_date": "2019-06-28T07:59:35.864Z"}}, {"model": "sessions.session", "pk": "76iwicrnag284zdd3vuj9s5uf3c5v0v5", "fields": {"session_data": "MWQzM2RhMjJlYTg1ZDkyMzBhNDBjYWM3NDM2ZGYwY2IxZTRiNjAzZDp7Il9hdXRoX3VzZXJfYmFja2VuZCI6ImRqYW5nby5jb250cmliLmF1dGguYmFja2VuZHMuTW9kZWxCYWNrZW5kIiwiX2F1dGhfdXNlcl9oYXNoIjoiYjIzNzI1MGMyYzMyY2E1ZmUwZWM5ODkyYTgzYTIyNzZkYWE2MDNlMSIsIl9hdXRoX3VzZXJfaWQiOiIxIn0=", "expire_date": "2019-02-09T11:17:14.454Z"}}, {"model": "sessions.session", "pk": "8a3w6ca3yeuaygc5ktxcf3yjnc121pkt", "fields": {"session_data": "YTUwOTUxYmYyM2E1OGZjZWU5NmJmNzM1MWNhNDViOGM5YjczNTc3Yjp7Il9hdXRoX3VzZXJfaWQiOiIxNCIsIl9hdXRoX3VzZXJfYmFja2VuZCI6ImRqYW5nby5jb250cmliLmF1dGguYmFja2VuZHMuTW9kZWxCYWNrZW5kIiwiX2F1dGhfdXNlcl9oYXNoIjoiYzVlYjBlNjQxMDYzYzAyYzhkYTNmYzY3OGQ1MTJlZTk2ZWNiMDMwMSJ9", "expire_date": "2019-05-24T12:45:30.294Z"}}, {"model": "sessions.session", "pk": "8ak8yts9yka2oam4f95evz2v2fk7mazc", "fields": {"session_data": "YTUwOTUxYmYyM2E1OGZjZWU5NmJmNzM1MWNhNDViOGM5YjczNTc3Yjp7Il9hdXRoX3VzZXJfaWQiOiIxNCIsIl9hdXRoX3VzZXJfYmFja2VuZCI6ImRqYW5nby5jb250cmliLmF1dGguYmFja2VuZHMuTW9kZWxCYWNrZW5kIiwiX2F1dGhfdXNlcl9oYXNoIjoiYzVlYjBlNjQxMDYzYzAyYzhkYTNmYzY3OGQ1MTJlZTk2ZWNiMDMwMSJ9", "expire_date": "2019-02-22T09:33:18.858Z"}}, {"model": "sessions.session", "pk": "8nzxw7bl4crlt0gd3mxptt84espto3t0", "fields": {"session_data": "YTUwOTUxYmYyM2E1OGZjZWU5NmJmNzM1MWNhNDViOGM5YjczNTc3Yjp7Il9hdXRoX3VzZXJfaWQiOiIxNCIsIl9hdXRoX3VzZXJfYmFja2VuZCI6ImRqYW5nby5jb250cmliLmF1dGguYmFja2VuZHMuTW9kZWxCYWNrZW5kIiwiX2F1dGhfdXNlcl9oYXNoIjoiYzVlYjBlNjQxMDYzYzAyYzhkYTNmYzY3OGQ1MTJlZTk2ZWNiMDMwMSJ9", "expire_date": "2019-03-08T11:51:52.098Z"}}, {"model": "sessions.session", "pk": "9aw74dtvxrr5i978voabot6amql18cdb", "fields": {"session_data": "YTUwOTUxYmYyM2E1OGZjZWU5NmJmNzM1MWNhNDViOGM5YjczNTc3Yjp7Il9hdXRoX3VzZXJfaWQiOiIxNCIsIl9hdXRoX3VzZXJfYmFja2VuZCI6ImRqYW5nby5jb250cmliLmF1dGguYmFja2VuZHMuTW9kZWxCYWNrZW5kIiwiX2F1dGhfdXNlcl9oYXNoIjoiYzVlYjBlNjQxMDYzYzAyYzhkYTNmYzY3OGQ1MTJlZTk2ZWNiMDMwMSJ9", "expire_date": "2019-06-27T21:36:00.782Z"}}, {"model": "sessions.session", "pk": "9oqycjq2cy0t00ao00r5dompwr4d3c2c", "fields": {"session_data": "YTUwOTUxYmYyM2E1OGZjZWU5NmJmNzM1MWNhNDViOGM5YjczNTc3Yjp7Il9hdXRoX3VzZXJfaWQiOiIxNCIsIl9hdXRoX3VzZXJfYmFja2VuZCI6ImRqYW5nby5jb250cmliLmF1dGguYmFja2VuZHMuTW9kZWxCYWNrZW5kIiwiX2F1dGhfdXNlcl9oYXNoIjoiYzVlYjBlNjQxMDYzYzAyYzhkYTNmYzY3OGQ1MTJlZTk2ZWNiMDMwMSJ9", "expire_date": "2019-04-14T03:58:46.887Z"}}, {"model": "sessions.session", "pk": "9xc71usvgzp00gh35wo1q3dg6mxu4lfc", "fields": {"session_data": "YTUwOTUxYmYyM2E1OGZjZWU5NmJmNzM1MWNhNDViOGM5YjczNTc3Yjp7Il9hdXRoX3VzZXJfaWQiOiIxNCIsIl9hdXRoX3VzZXJfYmFja2VuZCI6ImRqYW5nby5jb250cmliLmF1dGguYmFja2VuZHMuTW9kZWxCYWNrZW5kIiwiX2F1dGhfdXNlcl9oYXNoIjoiYzVlYjBlNjQxMDYzYzAyYzhkYTNmYzY3OGQ1MTJlZTk2ZWNiMDMwMSJ9", "expire_date": "2019-04-26T16:07:56.896Z"}}, {"model": "sessions.session", "pk": "9xcru7jlhi15elnx8hagv84311ff3r4o", "fields": {"session_data": "YTUwOTUxYmYyM2E1OGZjZWU5NmJmNzM1MWNhNDViOGM5YjczNTc3Yjp7Il9hdXRoX3VzZXJfaWQiOiIxNCIsIl9hdXRoX3VzZXJfYmFja2VuZCI6ImRqYW5nby5jb250cmliLmF1dGguYmFja2VuZHMuTW9kZWxCYWNrZW5kIiwiX2F1dGhfdXNlcl9oYXNoIjoiYzVlYjBlNjQxMDYzYzAyYzhkYTNmYzY3OGQ1MTJlZTk2ZWNiMDMwMSJ9", "expire_date": "2019-05-24T05:11:58.556Z"}}, {"model": "sessions.session", "pk": "a3oj3wgs6553p6stwvvduodozbxhj3zz", "fields": {"session_data": "YTUwOTUxYmYyM2E1OGZjZWU5NmJmNzM1MWNhNDViOGM5YjczNTc3Yjp7Il9hdXRoX3VzZXJfaWQiOiIxNCIsIl9hdXRoX3VzZXJfYmFja2VuZCI6ImRqYW5nby5jb250cmliLmF1dGguYmFja2VuZHMuTW9kZWxCYWNrZW5kIiwiX2F1dGhfdXNlcl9oYXNoIjoiYzVlYjBlNjQxMDYzYzAyYzhkYTNmYzY3OGQ1MTJlZTk2ZWNiMDMwMSJ9", "expire_date": "2019-03-11T14:45:39.530Z"}}, {"model": "sessions.session", "pk": "adahxlg4m9kyvyhe45eitefqg37n9li3", "fields": {"session_data": "MWE0YTlmNDExNDE2ZjcyNzFjODE2M2QwYTYwZmUzNmQ5MjM1MWVhYjp7Il9hdXRoX3VzZXJfYmFja2VuZCI6ImRqYW5nby5jb250cmliLmF1dGguYmFja2VuZHMuTW9kZWxCYWNrZW5kIiwiX2F1dGhfdXNlcl9pZCI6IjEiLCJfYXV0aF91c2VyX2hhc2giOiJiMjM3MjUwYzJjMzJjYTVmZTBlYzk4OTJhODNhMjI3NmRhYTYwM2UxIn0=", "expire_date": "2019-02-06T15:13:38.611Z"}}, {"model": "sessions.session", "pk": "csrkxzo9hhk7q5j8ihehh13vrfa033ma", "fields": {"session_data": "NWMxZDVjZWNmOGU3OGYyYjQ0ZmQwOTlmNDQ3ZGI5YjMzYTAwN2YzMTp7Il9hdXRoX3VzZXJfaWQiOiI0OSIsIl9hdXRoX3VzZXJfYmFja2VuZCI6ImRqYW5nby5jb250cmliLmF1dGguYmFja2VuZHMuTW9kZWxCYWNrZW5kIiwiX2F1dGhfdXNlcl9oYXNoIjoiYmEwMTY4MDUyNTBlODM5MWNlZjliMjhmZmRjZWI5Yjk1ODk3NzU0NiJ9", "expire_date": "2019-04-27T18:10:28.465Z"}}, {"model": "sessions.session", "pk": "enta0tmaixft4ca108zn8f72725mhpwe", "fields": {"session_data": "YmFiYmVjNGRmZTczZmFmNWJmZjU0MzBjODc0NWVhNjU0MzhjOTFmNjp7Il9hdXRoX3VzZXJfaWQiOiI2NCIsIl9hdXRoX3VzZXJfYmFja2VuZCI6ImRqYW5nby5jb250cmliLmF1dGguYmFja2VuZHMuTW9kZWxCYWNrZW5kIiwiX2F1dGhfdXNlcl9oYXNoIjoiNWQyY2YzYzdhNmFiYzBjYTEzNWQ2MTQ0ZTJmOWM3MjZjNWQ1MjRlNyJ9", "expire_date": "2019-06-29T16:53:50.925Z"}}, {"model": "sessions.session", "pk": "epxy0pfl5agf9pw677s3l4l1y7o3gig1", "fields": {"session_data": "MGM2YTQzZGY0YjJkODkwNTY3OGZjODVmMjZjMGIyMDYyMGZkZDhkNDp7Il9hdXRoX3VzZXJfaWQiOiIzOCIsIl9hdXRoX3VzZXJfYmFja2VuZCI6ImRqYW5nby5jb250cmliLmF1dGguYmFja2VuZHMuTW9kZWxCYWNrZW5kIiwiX2F1dGhfdXNlcl9oYXNoIjoiNWQ3NmFkNmRjMzQ2MTJkMjMyZjNmNTE1MDRlNjU5ZjQ5ZjBiNDI2NyJ9", "expire_date": "2019-02-24T07:09:39.042Z"}}, {"model": "sessions.session", "pk": "fo6u5bbhvuazvn3g16leo2rc9pvvjs48", "fields": {"session_data": "YmVjZTAzNjc0ZTdkMTJmNWUzMWQ1MzhmZTEyMTAwZDc4OGZjZmEzOTp7Il9hdXRoX3VzZXJfaWQiOiI0MCIsIl9hdXRoX3VzZXJfYmFja2VuZCI6ImRqYW5nby5jb250cmliLmF1dGguYmFja2VuZHMuTW9kZWxCYWNrZW5kIiwiX2F1dGhfdXNlcl9oYXNoIjoiNTgzMDQyZmQ1YWNhMGNjYzA2OWFjYzRjOWNjNzI4ODc3NTU2NWU0YSJ9", "expire_date": "2019-03-15T15:27:09.083Z"}}, {"model": "sessions.session", "pk": "g082jvi6t33tuyhqkefax3tz1mjhirgf", "fields": {"session_data": "NzM1OGE3NmY3MDI5NGU1NGRjNmY2Mjc3YzllOTAzMzliZTg1OWRhODp7Il9hdXRoX3VzZXJfaWQiOiIzNyIsIl9hdXRoX3VzZXJfYmFja2VuZCI6ImRqYW5nby5jb250cmliLmF1dGguYmFja2VuZHMuTW9kZWxCYWNrZW5kIiwiX2F1dGhfdXNlcl9oYXNoIjoiOWM4YjNkNTU4YTdlYjE4ZGJiYjE1NzBhYWRiZmQ2ZjA3ODk4NWFmZiJ9", "expire_date": "2019-02-12T03:42:44.613Z"}}, {"model": "sessions.session", "pk": "g94tslvv7ncczy5o7211419bq9z9d9p1", "fields": {"session_data": "MzExNzAwMGVmMzBlMjlkYTc3ZGI4NmRkMzllOTY4NTg5YzNjZDBiNjp7Il9hdXRoX3VzZXJfaWQiOiI0OCIsIl9hdXRoX3VzZXJfYmFja2VuZCI6ImRqYW5nby5jb250cmliLmF1dGguYmFja2VuZHMuTW9kZWxCYWNrZW5kIiwiX2F1dGhfdXNlcl9oYXNoIjoiNmUzN2RjNDBlZjU2YzNhZjU1ZDM5ZTkxZGU5Yjc2MzRhMTZmMWM1OCJ9", "expire_date": "2019-04-27T17:04:16.842Z"}}, {"model": "sessions.session", "pk": "gtikjojyavn4o9ksyfnhofblihdjzjxq", "fields": {"session_data": "YWUxNjY3MzZiYTFmZWVmZTlkMzY2N2Q3ZGE5ODZiNjgwOTg1MDNmMjp7Il9hdXRoX3VzZXJfaWQiOiIzOSIsIl9hdXRoX3VzZXJfYmFja2VuZCI6ImRqYW5nby5jb250cmliLmF1dGguYmFja2VuZHMuTW9kZWxCYWNrZW5kIiwiX2F1dGhfdXNlcl9oYXNoIjoiODUzMGQzZDlhNzVkZDg3MmJlNjBjYmZjYTRiM2UwOWU2MzhlNGI3ZSJ9", "expire_date": "2019-03-01T09:52:11.066Z"}}, {"model": "sessions.session", "pk": "gv0ixmuj1cte0dk1zvgowni8qhtos4d0", "fields": {"session_data": "YzRkOWZiOTVmYWJmODExMTE5YmVmNzVkNTJkYjZiMWQ5YzNiODYyOTp7Il9hdXRoX3VzZXJfaWQiOiI2MCIsIl9hdXRoX3VzZXJfYmFja2VuZCI6ImRqYW5nby5jb250cmliLmF1dGguYmFja2VuZHMuTW9kZWxCYWNrZW5kIiwiX2F1dGhfdXNlcl9oYXNoIjoiYjQ1Mzc0MDUyMWRhZmNmNTgyNmU0MDFkZjU2ZGFjOTcwOWY2OTc5ZiJ9", "expire_date": "2019-05-29T08:01:59.405Z"}}, {"model": "sessions.session", "pk": "hm0y916o5e0pzyz539nunigchigefmu0", "fields": {"session_data": "YTUwOTUxYmYyM2E1OGZjZWU5NmJmNzM1MWNhNDViOGM5YjczNTc3Yjp7Il9hdXRoX3VzZXJfaWQiOiIxNCIsIl9hdXRoX3VzZXJfYmFja2VuZCI6ImRqYW5nby5jb250cmliLmF1dGguYmFja2VuZHMuTW9kZWxCYWNrZW5kIiwiX2F1dGhfdXNlcl9oYXNoIjoiYzVlYjBlNjQxMDYzYzAyYzhkYTNmYzY3OGQ1MTJlZTk2ZWNiMDMwMSJ9", "expire_date": "2019-05-15T05:35:23.458Z"}}, {"model": "sessions.session", "pk": "hn7l924ca57hy7icnp8xe7v8axw8n9vm", "fields": {"session_data": "NzM1OGE3NmY3MDI5NGU1NGRjNmY2Mjc3YzllOTAzMzliZTg1OWRhODp7Il9hdXRoX3VzZXJfaWQiOiIzNyIsIl9hdXRoX3VzZXJfYmFja2VuZCI6ImRqYW5nby5jb250cmliLmF1dGguYmFja2VuZHMuTW9kZWxCYWNrZW5kIiwiX2F1dGhfdXNlcl9oYXNoIjoiOWM4YjNkNTU4YTdlYjE4ZGJiYjE1NzBhYWRiZmQ2ZjA3ODk4NWFmZiJ9", "expire_date": "2019-05-10T17:12:32.123Z"}}, {"model": "sessions.session", "pk": "htklnfbzkb924y8ty1ecyyku88y8nnye", "fields": {"session_data": "YTUwOTUxYmYyM2E1OGZjZWU5NmJmNzM1MWNhNDViOGM5YjczNTc3Yjp7Il9hdXRoX3VzZXJfaWQiOiIxNCIsIl9hdXRoX3VzZXJfYmFja2VuZCI6ImRqYW5nby5jb250cmliLmF1dGguYmFja2VuZHMuTW9kZWxCYWNrZW5kIiwiX2F1dGhfdXNlcl9oYXNoIjoiYzVlYjBlNjQxMDYzYzAyYzhkYTNmYzY3OGQ1MTJlZTk2ZWNiMDMwMSJ9", "expire_date": "2019-02-12T15:29:40.466Z"}}, {"model": "sessions.session", "pk": "hxd89x09n46pzzlhm9rarpa7hnetww4o", "fields": {"session_data": "Zjc3MTRlNTQ3MGIxMTY1ZDBkZmU4Y2M2NjQ4MGIyOTJkOGM0YjFlMDp7Il9hdXRoX3VzZXJfaWQiOiI1NCIsIl9hdXRoX3VzZXJfYmFja2VuZCI6ImRqYW5nby5jb250cmliLmF1dGguYmFja2VuZHMuTW9kZWxCYWNrZW5kIiwiX2F1dGhfdXNlcl9oYXNoIjoiZjgxMDA1NDk5OWQwNDA3MjRhODA3OTNjOWVhNDA0NjU0MzViMzE0YiJ9", "expire_date": "2019-04-30T05:25:43.859Z"}}, {"model": "sessions.session", "pk": "ilsj5ji6obj5uvmxh14vrh7q3xwypgog", "fields": {"session_data": "YTUwOTUxYmYyM2E1OGZjZWU5NmJmNzM1MWNhNDViOGM5YjczNTc3Yjp7Il9hdXRoX3VzZXJfaWQiOiIxNCIsIl9hdXRoX3VzZXJfYmFja2VuZCI6ImRqYW5nby5jb250cmliLmF1dGguYmFja2VuZHMuTW9kZWxCYWNrZW5kIiwiX2F1dGhfdXNlcl9oYXNoIjoiYzVlYjBlNjQxMDYzYzAyYzhkYTNmYzY3OGQ1MTJlZTk2ZWNiMDMwMSJ9", "expire_date": "2019-03-10T16:40:26.645Z"}}, {"model": "sessions.session", "pk": "imqpvxrrgrg06b5q2cf5odj2xhz484ll", "fields": {"session_data": "YTUwOTUxYmYyM2E1OGZjZWU5NmJmNzM1MWNhNDViOGM5YjczNTc3Yjp7Il9hdXRoX3VzZXJfaWQiOiIxNCIsIl9hdXRoX3VzZXJfYmFja2VuZCI6ImRqYW5nby5jb250cmliLmF1dGguYmFja2VuZHMuTW9kZWxCYWNrZW5kIiwiX2F1dGhfdXNlcl9oYXNoIjoiYzVlYjBlNjQxMDYzYzAyYzhkYTNmYzY3OGQ1MTJlZTk2ZWNiMDMwMSJ9", "expire_date": "2019-03-19T11:54:04.191Z"}}, {"model": "sessions.session", "pk": "j3kthpv7fmxokssh0xmuvwxsflyblcy9", "fields": {"session_data": "YTUwOTUxYmYyM2E1OGZjZWU5NmJmNzM1MWNhNDViOGM5YjczNTc3Yjp7Il9hdXRoX3VzZXJfaWQiOiIxNCIsIl9hdXRoX3VzZXJfYmFja2VuZCI6ImRqYW5nby5jb250cmliLmF1dGguYmFja2VuZHMuTW9kZWxCYWNrZW5kIiwiX2F1dGhfdXNlcl9oYXNoIjoiYzVlYjBlNjQxMDYzYzAyYzhkYTNmYzY3OGQ1MTJlZTk2ZWNiMDMwMSJ9", "expire_date": "2019-03-10T16:43:05.010Z"}}, {"model": "sessions.session", "pk": "j6ezuf81dq57zpu7myar9hcvxslr4dni", "fields": {"session_data": "YTUwOTUxYmYyM2E1OGZjZWU5NmJmNzM1MWNhNDViOGM5YjczNTc3Yjp7Il9hdXRoX3VzZXJfaWQiOiIxNCIsIl9hdXRoX3VzZXJfYmFja2VuZCI6ImRqYW5nby5jb250cmliLmF1dGguYmFja2VuZHMuTW9kZWxCYWNrZW5kIiwiX2F1dGhfdXNlcl9oYXNoIjoiYzVlYjBlNjQxMDYzYzAyYzhkYTNmYzY3OGQ1MTJlZTk2ZWNiMDMwMSJ9", "expire_date": "2019-04-03T14:20:21.671Z"}}, {"model": "sessions.session", "pk": "jfmyctyqit8t3iem2t7ruj7pqbre7t44", "fields": {"session_data": "NzM1OGE3NmY3MDI5NGU1NGRjNmY2Mjc3YzllOTAzMzliZTg1OWRhODp7Il9hdXRoX3VzZXJfaWQiOiIzNyIsIl9hdXRoX3VzZXJfYmFja2VuZCI6ImRqYW5nby5jb250cmliLmF1dGguYmFja2VuZHMuTW9kZWxCYWNrZW5kIiwiX2F1dGhfdXNlcl9oYXNoIjoiOWM4YjNkNTU4YTdlYjE4ZGJiYjE1NzBhYWRiZmQ2ZjA3ODk4NWFmZiJ9", "expire_date": "2019-05-26T17:01:55.911Z"}}, {"model": "sessions.session", "pk": "kt1i8ha98vsy0j42b33ek71lbhetvcst", "fields": {"session_data": "YWZlNGQxZGVjOTVhMmU4NGU5MjFjYmMyMGVmMzNmM2MwNzJhMjM5ZDp7Il9hdXRoX3VzZXJfaWQiOiIxIiwiX2F1dGhfdXNlcl9iYWNrZW5kIjoiZGphbmdvLmNvbnRyaWIuYXV0aC5iYWNrZW5kcy5Nb2RlbEJhY2tlbmQiLCJfYXV0aF91c2VyX2hhc2giOiJiMjM3MjUwYzJjMzJjYTVmZTBlYzk4OTJhODNhMjI3NmRhYTYwM2UxIn0=", "expire_date": "2019-05-03T16:19:04.638Z"}}, {"model": "sessions.session", "pk": "l63484pjcu37b7q1bn7q4ttbn9z2ej9g", "fields": {"session_data": "MGM2YTQzZGY0YjJkODkwNTY3OGZjODVmMjZjMGIyMDYyMGZkZDhkNDp7Il9hdXRoX3VzZXJfaWQiOiIzOCIsIl9hdXRoX3VzZXJfYmFja2VuZCI6ImRqYW5nby5jb250cmliLmF1dGguYmFja2VuZHMuTW9kZWxCYWNrZW5kIiwiX2F1dGhfdXNlcl9oYXNoIjoiNWQ3NmFkNmRjMzQ2MTJkMjMyZjNmNTE1MDRlNjU5ZjQ5ZjBiNDI2NyJ9", "expire_date": "2019-02-12T02:05:52.337Z"}}, {"model": "sessions.session", "pk": "l9rrm6zh8r9nihezdpx96qnoqf2wrxsq", "fields": {"session_data": "YTUwOTUxYmYyM2E1OGZjZWU5NmJmNzM1MWNhNDViOGM5YjczNTc3Yjp7Il9hdXRoX3VzZXJfaWQiOiIxNCIsIl9hdXRoX3VzZXJfYmFja2VuZCI6ImRqYW5nby5jb250cmliLmF1dGguYmFja2VuZHMuTW9kZWxCYWNrZW5kIiwiX2F1dGhfdXNlcl9oYXNoIjoiYzVlYjBlNjQxMDYzYzAyYzhkYTNmYzY3OGQ1MTJlZTk2ZWNiMDMwMSJ9", "expire_date": "2019-04-25T05:03:35.844Z"}}, {"model": "sessions.session", "pk": "laseshh3bsebs3elifez5yu2ia1nk5k3", "fields": {"session_data": "YmVjMGE2MWNkMjY4YmVkZWJhNWUyOGI5NGY1M2UxNzkzZjdjZTg3MTp7Il9hdXRoX3VzZXJfaWQiOiI1MCIsIl9hdXRoX3VzZXJfYmFja2VuZCI6ImRqYW5nby5jb250cmliLmF1dGguYmFja2VuZHMuTW9kZWxCYWNrZW5kIiwiX2F1dGhfdXNlcl9oYXNoIjoiZWMyOTIyYjUzMWI4YjNkMjY2OGU1MGQwNjRiZjFlZDQyZTZjMzAwYiJ9", "expire_date": "2019-04-28T07:26:29.454Z"}}, {"model": "sessions.session", "pk": "lciqsit7jlx5cl882y5zfrf1un8kt13f", "fields": {"session_data": "YTlkNWEzY2FjMjkxYTJmNjM4YzdlMjhmZDk4NTUxNGUzMjE2YWE4MDp7Il9hdXRoX3VzZXJfaWQiOiI1NSIsIl9hdXRoX3VzZXJfYmFja2VuZCI6ImRqYW5nby5jb250cmliLmF1dGguYmFja2VuZHMuTW9kZWxCYWNrZW5kIiwiX2F1dGhfdXNlcl9oYXNoIjoiMmU2MjNlOWZiZWZiN2FkNDg2OGU0ZmRjNjkyOTBhNTc3NzVkOWIwZCJ9", "expire_date": "2019-04-30T13:09:25.371Z"}}, {"model": "sessions.session", "pk": "llkysbwkzcdurzkvbk8m8bsb9wvgil40", "fields": {"session_data": "YmFiYmVjNGRmZTczZmFmNWJmZjU0MzBjODc0NWVhNjU0MzhjOTFmNjp7Il9hdXRoX3VzZXJfaWQiOiI2NCIsIl9hdXRoX3VzZXJfYmFja2VuZCI6ImRqYW5nby5jb250cmliLmF1dGguYmFja2VuZHMuTW9kZWxCYWNrZW5kIiwiX2F1dGhfdXNlcl9oYXNoIjoiNWQyY2YzYzdhNmFiYzBjYTEzNWQ2MTQ0ZTJmOWM3MjZjNWQ1MjRlNyJ9", "expire_date": "2019-06-29T13:33:22.038Z"}}, {"model": "sessions.session", "pk": "lm522m5wecpfx41a7ijdbyw4buxn1ynk", "fields": {"session_data": "YTUwOTUxYmYyM2E1OGZjZWU5NmJmNzM1MWNhNDViOGM5YjczNTc3Yjp7Il9hdXRoX3VzZXJfaWQiOiIxNCIsIl9hdXRoX3VzZXJfYmFja2VuZCI6ImRqYW5nby5jb250cmliLmF1dGguYmFja2VuZHMuTW9kZWxCYWNrZW5kIiwiX2F1dGhfdXNlcl9oYXNoIjoiYzVlYjBlNjQxMDYzYzAyYzhkYTNmYzY3OGQ1MTJlZTk2ZWNiMDMwMSJ9", "expire_date": "2019-03-18T15:42:08.519Z"}}, {"model": "sessions.session", "pk": "m7n32zl8t245ym73j1liiq9x09y17psc", "fields": {"session_data": "YTUwOTUxYmYyM2E1OGZjZWU5NmJmNzM1MWNhNDViOGM5YjczNTc3Yjp7Il9hdXRoX3VzZXJfaWQiOiIxNCIsIl9hdXRoX3VzZXJfYmFja2VuZCI6ImRqYW5nby5jb250cmliLmF1dGguYmFja2VuZHMuTW9kZWxCYWNrZW5kIiwiX2F1dGhfdXNlcl9oYXNoIjoiYzVlYjBlNjQxMDYzYzAyYzhkYTNmYzY3OGQ1MTJlZTk2ZWNiMDMwMSJ9", "expire_date": "2019-03-23T15:06:18.047Z"}}, {"model": "sessions.session", "pk": "mdr76luk44ys0zoycisx4sjixr2t98r2", "fields": {"session_data": "YTUwOTUxYmYyM2E1OGZjZWU5NmJmNzM1MWNhNDViOGM5YjczNTc3Yjp7Il9hdXRoX3VzZXJfaWQiOiIxNCIsIl9hdXRoX3VzZXJfYmFja2VuZCI6ImRqYW5nby5jb250cmliLmF1dGguYmFja2VuZHMuTW9kZWxCYWNrZW5kIiwiX2F1dGhfdXNlcl9oYXNoIjoiYzVlYjBlNjQxMDYzYzAyYzhkYTNmYzY3OGQ1MTJlZTk2ZWNiMDMwMSJ9", "expire_date": "2019-04-27T04:58:29.890Z"}}, {"model": "sessions.session", "pk": "nh1x4w2v7m73sm34ym7e5cno2hvt1j9n", "fields": {"session_data": "NzM1OGE3NmY3MDI5NGU1NGRjNmY2Mjc3YzllOTAzMzliZTg1OWRhODp7Il9hdXRoX3VzZXJfaWQiOiIzNyIsIl9hdXRoX3VzZXJfYmFja2VuZCI6ImRqYW5nby5jb250cmliLmF1dGguYmFja2VuZHMuTW9kZWxCYWNrZW5kIiwiX2F1dGhfdXNlcl9oYXNoIjoiOWM4YjNkNTU4YTdlYjE4ZGJiYjE1NzBhYWRiZmQ2ZjA3ODk4NWFmZiJ9", "expire_date": "2019-03-16T14:39:50.164Z"}}, {"model": "sessions.session", "pk": "nmj0iw7cx4e307s3fa8uc29nslnn7mho", "fields": {"session_data": "YTUwOTUxYmYyM2E1OGZjZWU5NmJmNzM1MWNhNDViOGM5YjczNTc3Yjp7Il9hdXRoX3VzZXJfaWQiOiIxNCIsIl9hdXRoX3VzZXJfYmFja2VuZCI6ImRqYW5nby5jb250cmliLmF1dGguYmFja2VuZHMuTW9kZWxCYWNrZW5kIiwiX2F1dGhfdXNlcl9oYXNoIjoiYzVlYjBlNjQxMDYzYzAyYzhkYTNmYzY3OGQ1MTJlZTk2ZWNiMDMwMSJ9", "expire_date": "2019-04-27T04:20:03.889Z"}}, {"model": "sessions.session", "pk": "nu60q0zuay96jfujokdo5vqbkscgfxli", "fields": {"session_data": "YTUwOTUxYmYyM2E1OGZjZWU5NmJmNzM1MWNhNDViOGM5YjczNTc3Yjp7Il9hdXRoX3VzZXJfaWQiOiIxNCIsIl9hdXRoX3VzZXJfYmFja2VuZCI6ImRqYW5nby5jb250cmliLmF1dGguYmFja2VuZHMuTW9kZWxCYWNrZW5kIiwiX2F1dGhfdXNlcl9oYXNoIjoiYzVlYjBlNjQxMDYzYzAyYzhkYTNmYzY3OGQ1MTJlZTk2ZWNiMDMwMSJ9", "expire_date": "2019-02-23T05:35:00.488Z"}}, {"model": "sessions.session", "pk": "owrmgltwowjy9wex4p1pcrj0ygmt9d7p", "fields": {"session_data": "YTUwOTUxYmYyM2E1OGZjZWU5NmJmNzM1MWNhNDViOGM5YjczNTc3Yjp7Il9hdXRoX3VzZXJfaWQiOiIxNCIsIl9hdXRoX3VzZXJfYmFja2VuZCI6ImRqYW5nby5jb250cmliLmF1dGguYmFja2VuZHMuTW9kZWxCYWNrZW5kIiwiX2F1dGhfdXNlcl9oYXNoIjoiYzVlYjBlNjQxMDYzYzAyYzhkYTNmYzY3OGQ1MTJlZTk2ZWNiMDMwMSJ9", "expire_date": "2019-06-28T08:19:11.674Z"}}, {"model": "sessions.session", "pk": "pkgdl2kf3f40x20ztj9uvhvhzxo1e5sl", "fields": {"session_data": "YTUwOTUxYmYyM2E1OGZjZWU5NmJmNzM1MWNhNDViOGM5YjczNTc3Yjp7Il9hdXRoX3VzZXJfaWQiOiIxNCIsIl9hdXRoX3VzZXJfYmFja2VuZCI6ImRqYW5nby5jb250cmliLmF1dGguYmFja2VuZHMuTW9kZWxCYWNrZW5kIiwiX2F1dGhfdXNlcl9oYXNoIjoiYzVlYjBlNjQxMDYzYzAyYzhkYTNmYzY3OGQ1MTJlZTk2ZWNiMDMwMSJ9", "expire_date": "2019-04-07T15:47:39.254Z"}}, {"model": "sessions.session", "pk": "qo46vh3bv1i1399j1ow18d4381e7kdiz", "fields": {"session_data": "YzUyNThkNWExYzc5Y2NhZmIyM2U1Y2IxZGM4OTE0YmIxYmM0NWI5OTp7Il9hdXRoX3VzZXJfaWQiOiI0NyIsIl9hdXRoX3VzZXJfYmFja2VuZCI6ImRqYW5nby5jb250cmliLmF1dGguYmFja2VuZHMuTW9kZWxCYWNrZW5kIiwiX2F1dGhfdXNlcl9oYXNoIjoiYTdiOWJmZWNhN2Y1OGMxYTMxY2E3YmRiMmNiMzViZTdhOTA2MmVlNiJ9", "expire_date": "2019-03-31T17:26:06.774Z"}}, {"model": "sessions.session", "pk": "sb4nv6gl1d0mao10oqtvowf2sfulbtgu", "fields": {"session_data": "MjJjYjg4ZDk3ODNiZDIyMTUxZDQxMTA1OTQ3MDk1YmJkM2EwZDJkMTp7Il9hdXRoX3VzZXJfaWQiOiI2MSIsIl9hdXRoX3VzZXJfYmFja2VuZCI6ImRqYW5nby5jb250cmliLmF1dGguYmFja2VuZHMuTW9kZWxCYWNrZW5kIiwiX2F1dGhfdXNlcl9oYXNoIjoiN2QzNDYzZjdkMDMwYWI5OWIxZjE2ZWMxYzczYjAwODNjODEyZjAzNCJ9", "expire_date": "2019-06-10T13:50:15.810Z"}}, {"model": "sessions.session", "pk": "sghfvxs4tb8v5mr1oo4nuwxfn0jotdc9", "fields": {"session_data": "NzM1OGE3NmY3MDI5NGU1NGRjNmY2Mjc3YzllOTAzMzliZTg1OWRhODp7Il9hdXRoX3VzZXJfaWQiOiIzNyIsIl9hdXRoX3VzZXJfYmFja2VuZCI6ImRqYW5nby5jb250cmliLmF1dGguYmFja2VuZHMuTW9kZWxCYWNrZW5kIiwiX2F1dGhfdXNlcl9oYXNoIjoiOWM4YjNkNTU4YTdlYjE4ZGJiYjE1NzBhYWRiZmQ2ZjA3ODk4NWFmZiJ9", "expire_date": "2019-02-23T09:52:04.179Z"}}, {"model": "sessions.session", "pk": "somup6gf5zvvh4awj5gzq740i665n05g", "fields": {"session_data": "NzM1OGE3NmY3MDI5NGU1NGRjNmY2Mjc3YzllOTAzMzliZTg1OWRhODp7Il9hdXRoX3VzZXJfaWQiOiIzNyIsIl9hdXRoX3VzZXJfYmFja2VuZCI6ImRqYW5nby5jb250cmliLmF1dGguYmFja2VuZHMuTW9kZWxCYWNrZW5kIiwiX2F1dGhfdXNlcl9oYXNoIjoiOWM4YjNkNTU4YTdlYjE4ZGJiYjE1NzBhYWRiZmQ2ZjA3ODk4NWFmZiJ9", "expire_date": "2019-06-12T16:57:59.153Z"}}, {"model": "sessions.session", "pk": "tblwu5j8t3v4bv969ea0fgo0g9f32vs1", "fields": {"session_data": "NWMxZDVjZWNmOGU3OGYyYjQ0ZmQwOTlmNDQ3ZGI5YjMzYTAwN2YzMTp7Il9hdXRoX3VzZXJfaWQiOiI0OSIsIl9hdXRoX3VzZXJfYmFja2VuZCI6ImRqYW5nby5jb250cmliLmF1dGguYmFja2VuZHMuTW9kZWxCYWNrZW5kIiwiX2F1dGhfdXNlcl9oYXNoIjoiYmEwMTY4MDUyNTBlODM5MWNlZjliMjhmZmRjZWI5Yjk1ODk3NzU0NiJ9", "expire_date": "2019-04-27T17:50:18.846Z"}}, {"model": "sessions.session", "pk": "tpxu29qewy3e7nwp1q079ir1ckjjorkp", "fields": {"session_data": "YTUwOTUxYmYyM2E1OGZjZWU5NmJmNzM1MWNhNDViOGM5YjczNTc3Yjp7Il9hdXRoX3VzZXJfaWQiOiIxNCIsIl9hdXRoX3VzZXJfYmFja2VuZCI6ImRqYW5nby5jb250cmliLmF1dGguYmFja2VuZHMuTW9kZWxCYWNrZW5kIiwiX2F1dGhfdXNlcl9oYXNoIjoiYzVlYjBlNjQxMDYzYzAyYzhkYTNmYzY3OGQ1MTJlZTk2ZWNiMDMwMSJ9", "expire_date": "2019-03-18T16:41:17.751Z"}}, {"model": "sessions.session", "pk": "trfvo22bk6iga2pkxvpw7k81h98ybvj0", "fields": {"session_data": "YTUwOTUxYmYyM2E1OGZjZWU5NmJmNzM1MWNhNDViOGM5YjczNTc3Yjp7Il9hdXRoX3VzZXJfaWQiOiIxNCIsIl9hdXRoX3VzZXJfYmFja2VuZCI6ImRqYW5nby5jb250cmliLmF1dGguYmFja2VuZHMuTW9kZWxCYWNrZW5kIiwiX2F1dGhfdXNlcl9oYXNoIjoiYzVlYjBlNjQxMDYzYzAyYzhkYTNmYzY3OGQ1MTJlZTk2ZWNiMDMwMSJ9", "expire_date": "2019-06-27T17:21:38.716Z"}}, {"model": "sessions.session", "pk": "tscwz8h31k404n7ix12g02abyc7cxzx3", "fields": {"session_data": "YTUwOTUxYmYyM2E1OGZjZWU5NmJmNzM1MWNhNDViOGM5YjczNTc3Yjp7Il9hdXRoX3VzZXJfaWQiOiIxNCIsIl9hdXRoX3VzZXJfYmFja2VuZCI6ImRqYW5nby5jb250cmliLmF1dGguYmFja2VuZHMuTW9kZWxCYWNrZW5kIiwiX2F1dGhfdXNlcl9oYXNoIjoiYzVlYjBlNjQxMDYzYzAyYzhkYTNmYzY3OGQ1MTJlZTk2ZWNiMDMwMSJ9", "expire_date": "2019-02-19T08:36:54.804Z"}}, {"model": "sessions.session", "pk": "ub6uxv7450otta86sypvn8irh6rarl6q", "fields": {"session_data": "YmFiYmVjNGRmZTczZmFmNWJmZjU0MzBjODc0NWVhNjU0MzhjOTFmNjp7Il9hdXRoX3VzZXJfaWQiOiI2NCIsIl9hdXRoX3VzZXJfYmFja2VuZCI6ImRqYW5nby5jb250cmliLmF1dGguYmFja2VuZHMuTW9kZWxCYWNrZW5kIiwiX2F1dGhfdXNlcl9oYXNoIjoiNWQyY2YzYzdhNmFiYzBjYTEzNWQ2MTQ0ZTJmOWM3MjZjNWQ1MjRlNyJ9", "expire_date": "2019-06-30T18:00:07.632Z"}}, {"model": "sessions.session", "pk": "v9bbqxcpv1vmlusbeyc3jcm62d64o9yi", "fields": {"session_data": "YTUwOTUxYmYyM2E1OGZjZWU5NmJmNzM1MWNhNDViOGM5YjczNTc3Yjp7Il9hdXRoX3VzZXJfaWQiOiIxNCIsIl9hdXRoX3VzZXJfYmFja2VuZCI6ImRqYW5nby5jb250cmliLmF1dGguYmFja2VuZHMuTW9kZWxCYWNrZW5kIiwiX2F1dGhfdXNlcl9oYXNoIjoiYzVlYjBlNjQxMDYzYzAyYzhkYTNmYzY3OGQ1MTJlZTk2ZWNiMDMwMSJ9", "expire_date": "2019-05-27T07:00:32.373Z"}}, {"model": "sessions.session", "pk": "vid62s3kx5o6qes5sit672ey5fc4u79a", "fields": {"session_data": "YTUwOTUxYmYyM2E1OGZjZWU5NmJmNzM1MWNhNDViOGM5YjczNTc3Yjp7Il9hdXRoX3VzZXJfaWQiOiIxNCIsIl9hdXRoX3VzZXJfYmFja2VuZCI6ImRqYW5nby5jb250cmliLmF1dGguYmFja2VuZHMuTW9kZWxCYWNrZW5kIiwiX2F1dGhfdXNlcl9oYXNoIjoiYzVlYjBlNjQxMDYzYzAyYzhkYTNmYzY3OGQ1MTJlZTk2ZWNiMDMwMSJ9", "expire_date": "2019-04-28T07:59:46.540Z"}}, {"model": "sessions.session", "pk": "w8jyljlfs8o0ohf3fye2pt0ewfafwb8n", "fields": {"session_data": "YWZlNGQxZGVjOTVhMmU4NGU5MjFjYmMyMGVmMzNmM2MwNzJhMjM5ZDp7Il9hdXRoX3VzZXJfaWQiOiIxIiwiX2F1dGhfdXNlcl9iYWNrZW5kIjoiZGphbmdvLmNvbnRyaWIuYXV0aC5iYWNrZW5kcy5Nb2RlbEJhY2tlbmQiLCJfYXV0aF91c2VyX2hhc2giOiJiMjM3MjUwYzJjMzJjYTVmZTBlYzk4OTJhODNhMjI3NmRhYTYwM2UxIn0=", "expire_date": "2019-02-13T08:03:19.764Z"}}, {"model": "sessions.session", "pk": "wmmu9ce5uzszd1rzmrqrmy7vdjjc5mip", "fields": {"session_data": "YTUwOTUxYmYyM2E1OGZjZWU5NmJmNzM1MWNhNDViOGM5YjczNTc3Yjp7Il9hdXRoX3VzZXJfaWQiOiIxNCIsIl9hdXRoX3VzZXJfYmFja2VuZCI6ImRqYW5nby5jb250cmliLmF1dGguYmFja2VuZHMuTW9kZWxCYWNrZW5kIiwiX2F1dGhfdXNlcl9oYXNoIjoiYzVlYjBlNjQxMDYzYzAyYzhkYTNmYzY3OGQ1MTJlZTk2ZWNiMDMwMSJ9", "expire_date": "2019-06-27T13:39:57.335Z"}}, {"model": "sessions.session", "pk": "ya3o4nhc7cxknfk77pn0t7hv7zct4pg4", "fields": {"session_data": "NzM1OGE3NmY3MDI5NGU1NGRjNmY2Mjc3YzllOTAzMzliZTg1OWRhODp7Il9hdXRoX3VzZXJfaWQiOiIzNyIsIl9hdXRoX3VzZXJfYmFja2VuZCI6ImRqYW5nby5jb250cmliLmF1dGguYmFja2VuZHMuTW9kZWxCYWNrZW5kIiwiX2F1dGhfdXNlcl9oYXNoIjoiOWM4YjNkNTU4YTdlYjE4ZGJiYjE1NzBhYWRiZmQ2ZjA3ODk4NWFmZiJ9", "expire_date": "2019-02-22T06:09:44.062Z"}}, {"model": "sessions.session", "pk": "zlfoa5787p226cfyotzzn2fn1y0jguom", "fields": {"session_data": "NGMxZTVkMzgwYjZkYzJlNTlkOTk3ZmFiNmNmOTNjNTBhZjg2OTk1MDp7Il9hdXRoX3VzZXJfaWQiOiI1MiIsIl9hdXRoX3VzZXJfYmFja2VuZCI6ImRqYW5nby5jb250cmliLmF1dGguYmFja2VuZHMuTW9kZWxCYWNrZW5kIiwiX2F1dGhfdXNlcl9oYXNoIjoiZWEyMGUwMjc2ODc4YzM1NGRiNDVmYzU2ZmI2MzFiM2NlMWMxNTg1YyJ9", "expire_date": "2019-04-28T08:27:15.063Z"}}, {"model": "sites.site", "pk": 1, "fields": {"domain": "example.com", "name": "example.com"}}, {"model": "cibling_web.post", "pk": 1, "fields": {"content": "Lo occaecat cupidatat non proident, sunt in culpa qui officia deserunt mollit anim", "time_posted": "2018-12-22T12:27:15.105Z", "image": "default.jpg", "author": 1}}, {"model": "cibling_web.post", "pk": 2, "fields": {"content": "adipiscing elit, Lo occaecat cupidatat  culpa qui officia deserunt mollit anim id est laborum.", "time_posted": "2018-12-22T12:31:51.161Z", "image": "default.jpg", "author": 1}}, {"model": "cibling_web.post", "pk": 7, "fields": {"content": "Contrary to popular belief, Lorem Ipsum is not simply random text. It has roots in a piece of classical Latin literature from 45 BC, making it over 2000 years old. Richard McClintock, a Latin professor at Hampden-Sydney College in Virginia, looked up one of the more obscure Latin words, consectetur, from a Lorem Ipsum passage, and going through the cites of the word in classical literature, discovered the undoubtable source. Lorem Ipsum comes from sections 1.10.32 and 1.10.33 of \"de Finibus Bonorum et Malorum\" (The Extremes of Good and Evil) by Cicero, written in 45 BC. This book is a treatise on the theory of ethics, very popular during the Renaissance. The first line of Lorem Ipsum, \"Lorem ipsum dolor sit amet..\", comes from a line in section 1.10.32.", "time_posted": "2019-01-08T13:48:43.065Z", "image": "post_pics/6.jpg", "author": 12}}, {"model": "cibling_web.post", "pk": 8, "fields": {"content": "reproduced below for those interested. Sections 1.10.32 and 1.10.33 from \"de Finibus Bonorum et Malorum\" by Cicero are also reproduced in their exact original form, accompanied by English versions from the 1914 transl", "time_posted": "2019-01-08T13:48:55.139Z", "image": "post_pics/5.jpg", "author": 15}}, {"model": "cibling_web.post", "pk": 9, "fields": {"content": "t is a long established fact that a reader will be distracted by the readable content of a page when looking at its layout. The point of using Lorem Ipsum is that it has a more-or-less normal distribution of letters, as opposed to using 'Content here, content here', making it look like readable English. Many desktop publishing packages and web page editors now use Lorem Ipsum as their default model text, and a search for 'lorem ipsum' will uncover many web sites still in their infancy. Various versions have evolved over the years, sometimes by accident, sometimes on purpose (injected humour and the like).", "time_posted": "2019-01-08T13:49:10.961Z", "image": "post_pics/3.jpg", "author": 13}}, {"model": "cibling_web.post", "pk": 11, "fields": {"content": "Sed ut perspiciatis unde omnis iste natus error sit voluptatem accusantium doloremque laudantium, totam rem aperiam, eaque ipsa quae ab illo inventore veritatis et quasi architecto beatae vitae dicta sunt explicabo. Nemo enim ipsam voluptatem quia voluptas sit aspernatur aut odit aut fugit, sed quia consequuntur magni dolores eos qui ratione voluptatem sequi nesciunt. Neque porro quisquam est, qui dolorem ipsum quia dolor sit amet, consectetur, adipisci velit, sed quia non numquam eius modi tempora incidunt ut labore et dolore magnam aliquam quaerat voluptatem. Ut enim ad minima veniam, quis nostrum exercitationem ullam corporis suscipit laboriosam, nisi ut aliquid ex ea commodi consequatur? Quis autem vel eum iure reprehenderit qui in ea voluptate velit esse quam nihil molestiae consequatur, vel illum qui dolorem eum fugiat quo volupt", "time_posted": "2019-01-08T13:49:38.344Z", "image": "post_pics/1.jpg", "author": 16}}, {"model": "cibling_web.post", "pk": 12, "fields": {"content": "My new post", "time_posted": "2019-01-12T17:28:35.396Z", "image": "default.jpg", "author": 15}}, {"model": "cibling_web.post", "pk": 13, "fields": {"content": "my new post", "time_posted": "2019-01-12T17:43:16.811Z", "image": "default.jpg", "author": 15}}, {"model": "cibling_web.post", "pk": 14, "fields": {"content": "<django.db.models.fields.TextField>", "time_posted": "2019-01-12T18:44:57.515Z", "image": "default.jpg", "author": 15}}, {"model": "cibling_web.post", "pk": 15, "fields": {"content": "<django.db.models.fields.TextField>", "time_posted": "2019-01-12T18:46:54.498Z", "image": "default.jpg", "author": 15}}, {"model": "cibling_web.post", "pk": 16, "fields": {"content": "<django.db.models.fields.TextField>", "time_posted": "2019-01-12T18:48:29.750Z", "image": "default.jpg", "author": 15}}, {"model": "cibling_web.post", "pk": 17, "fields": {"content": "<django.db.models.fields.TextField>", "time_posted": "2019-01-12T18:52:56.109Z", "image": "default.jpg", "author": 15}}, {"model": "cibling_web.post", "pk": 18, "fields": {"content": "aaaaaaaaaaaaaaaaaaaa", "time_posted": "2019-01-12T19:00:55.291Z", "image": "default.jpg", "author": 15}}, {"model": "cibling_web.post", "pk": 19, "fields": {"content": "hfnksjnfknnnnnnnnnnnnnnnnnnnnnnnnnnn", "time_posted": "2019-01-12T19:06:08.161Z", "image": "default.jpg", "author": 1}}, {"model": "cibling_web.post", "pk": 20, "fields": {"content": "My last post", "time_posted": "2019-01-12T19:11:54.284Z", "image": "", "author": 1}}, {"model": "cibling_web.post", "pk": 21, "fields": {"content": "another post", "time_posted": "2019-01-12T19:19:06.221Z", "image": "", "author": 1}}, {"model": "cibling_web.post", "pk": 22, "fields": {"content": "one last try", "time_posted": "2019-01-12T19:21:39.878Z", "image": "", "author": 1}}, {"model": "cibling_web.post", "pk": 23, "fields": {"content": "nsnnsnsnsn", "time_posted": "2019-01-12T19:22:22.057Z", "image": "", "author": 1}}, {"model": "cibling_web.post", "pk": 24, "fields": {"content": "My post at 26 jan", "time_posted": "2019-01-26T11:49:15.927Z", "image": "", "author": 1}}, {"model": "cibling_web.post", "pk": 33, "fields": {"content": "my trial image post", "time_posted": "2019-01-27T08:47:47.793Z", "image": "post_pics/default.jpg", "author": 1}}, {"model": "cibling_web.post", "pk": 34, "fields": {"content": "Welcome to CIBLING. Now we are closer than ever with a meaningful relationship.\r\nStay connected.", "time_posted": "2019-01-28T04:50:50.178Z", "image": "", "author": 37}}, {"model": "cibling_web.post", "pk": 35, "fields": {"content": "My trial image post 2", "time_posted": "2019-01-28T17:31:02.914Z", "image": "post_pics/5_Ibqs4lL.jpg", "author": 1}}, {"model": "cibling_web.post", "pk": 36, "fields": {"content": "Finally back with a new post", "time_posted": "2019-01-29T19:09:43.485Z", "image": "", "author": 1}}, {"model": "cibling_web.post", "pk": 37, "fields": {"content": "Looking forward to the expanding features of Cibling.ac", "time_posted": "2019-02-01T14:41:32.815Z", "image": "", "author": 37}}, {"model": "cibling_web.post", "pk": 38, "fields": {"content": "Science is getting more exciting. \r\nhttps://www.nature.com/articles/d41586-019-00347-y", "time_posted": "2019-02-01T14:42:44.060Z", "image": "", "author": 37}}, {"model": "cibling_web.post", "pk": 39, "fields": {"content": "\u09ac\u09be\u0982\u09b2\u09be \u09ac\u09be\u0982\u09b2\u09be \u09b2\u09c7\u0996\u09be\u0964 \u09ab\u09c7\u09ac\u09cd\u09b0\u09c1\u09df\u09be\u09b0\u09bf\u0964 \u0987\u0982\u09b0\u09bf\u099c\u0964 \u099c\u09be\u09a8\u09c1\u09df\u09be\u09b0\u09bf\u0964 \u09ac\u09be\u0982\u09b2\u09be \u09a8\u09ac\u09ac\u09b0\u09cd\u09b7\u0964 \u09e7\u09ea\u09e9\u09ea\u09e9\u09e8\u09eb\u09ea\u0964  \u09ac\u09be\u0982\u09b2\u09be \u09ac\u09be\u0982\u09b2\u09be \u09b2\u09c7\u0996\u09be\u0964 \u09ab\u09c7\u09ac\u09cd\u09b0\u09c1\u09df\u09be\u09b0\u09bf\u0964 \u0987\u0982\u09b0\u09bf\u099c\u0964 \u099c\u09be\u09a8\u09c1\u09df\u09be\u09b0\u09bf\u0964 \u09ac\u09be\u0982\u09b2\u09be \u09a8\u09ac\u09ac\u09b0\u09cd\u09b7\u0964 \u09e7\u09ea\u09e9\u09ea\u09e9\u09e8\u09eb\u09ea\u0964 \u09ac\u09be\u0982\u09b2\u09be \u09ac\u09be\u0982\u09b2\u09be \u09b2\u09c7\u0996\u09be\u0964 \u09ab\u09c7\u09ac\u09cd\u09b0\u09c1\u09df\u09be\u09b0\u09bf\u0964 \u0987\u0982\u09b0\u09bf\u099c\u0964 \u099c\u09be\u09a8\u09c1\u09df\u09be\u09b0\u09bf\u0964 \u09ac\u09be\u0982\u09b2\u09be \u09a8\u09ac\u09ac\u09b0\u09cd\u09b7\u0964 \u09e7\u09ea\u09e9\u09ea\u09e9\u09e8\u09eb\u09ea\u0964  \u09ac\u09be\u0982\u09b2\u09be \u09ac\u09be\u0982\u09b2\u09be \u09b2\u09c7\u0996\u09be\u0964 \u09ab\u09c7\u09ac\u09cd\u09b0\u09c1\u09df\u09be\u09b0\u09bf\u0964 \u0987\u0982\u09b0\u09bf\u099c\u0964 \u099c\u09be\u09a8\u09c1\u09df\u09be\u09b0\u09bf\u0964 \u09ac\u09be\u0982\u09b2\u09be \u09a8\u09ac\u09ac\u09b0\u09cd\u09b7\u0964 \u09e7\u09ea\u09e9\u09ea\u09e9\u09e8\u09eb\u09ea\u0964  \r\n\r\n\u09ac\u09be\u0982\u09b2\u09be \u09ac\u09be\u0982\u09b2\u09be \u09b2\u09c7\u0996\u09be\u0964 \u09ab\u09c7\u09ac\u09cd\u09b0\u09c1\u09df\u09be\u09b0\u09bf\u0964 \u0987\u0982\u09b0\u09bf\u099c\u0964 \u099c\u09be\u09a8\u09c1\u09df\u09be\u09b0\u09bf\u0964 \u09ac\u09be\u0982\u09b2\u09be \u09a8\u09ac\u09ac\u09b0\u09cd\u09b7\u0964 \u09e7\u09ea\u09e9\u09ea\u09e9\u09e8\u09eb\u09ea\u0964 \r\n\u09ac\u09be\u0982\u09b2\u09be \u09ac\u09be\u0982\u09b2\u09be \u09b2\u09c7\u0996\u09be\u0964 \u09ab\u09c7\u09ac\u09cd\u09b0\u09c1\u09df\u09be\u09b0\u09bf\u0964 \u0987\u0982\u09b0\u09bf\u099c\u0964 \u099c\u09be\u09a8\u09c1\u09df\u09be\u09b0\u09bf\u0964 \u09ac\u09be\u0982\u09b2\u09be \u09a8\u09ac\u09ac\u09b0\u09cd\u09b7\u0964 \u09e7\u09ea\u09e9\u09ea\u09e9\u09e8\u09eb\u09ea\u0964", "time_posted": "2019-02-07T17:51:36.822Z", "image": "", "author": 14}}, {"model": "cibling_web.post", "pk": 41, "fields": {"content": "https://www.nature.com/articles/d41586-019-00290-y?fbclid=IwAR2g4Ke_5nsvKwGmrQa5XmlvoASCJX1OXC8e1Ta8dpt5cL5GxP_FLq97nC8&utm_campaign=NGMT_2_JAL_Nature&utm_content=organic&utm_medium=social&utm_source=facebook", "time_posted": "2019-02-08T04:15:45.426Z", "image": "", "author": 37}}, {"model": "cibling_web.post", "pk": 42, "fields": {"content": "https://www.nature.com/articles/d41586-019-00290-y?fbclid=IwAR2g4Ke_5nsvKwGmrQa5XmlvoASCJX1OXC8e1Ta8dpt5cL5GxP_FLq97nC8&utm_campaign=NGMT_2_JAL_Nature&utm_content=organic&utm_medium=social&utm_source=facebook", "time_posted": "2019-02-08T04:15:45.780Z", "image": "", "author": 37}}, {"model": "cibling_web.post", "pk": 44, "fields": {"content": "Test post", "time_posted": "2019-02-08T09:32:34.571Z", "image": "post_pics/Screen_Shot_2019-02-08_at_12.27.56_PM.png", "author": 37}}, {"model": "cibling_web.post", "pk": 45, "fields": {"content": "test post test post test post", "time_posted": "2019-02-08T13:56:35.418Z", "image": "", "author": 37}}, {"model": "cibling_web.post", "pk": 46, "fields": {"content": "I love genetics. it is my passion .", "time_posted": "2019-02-09T05:55:22.226Z", "image": "", "author": 37}}, {"model": "cibling_web.post", "pk": 47, "fields": {"content": "we can win.", "time_posted": "2019-02-09T06:10:00.211Z", "image": "post_pics/Screen_Shot_2019-02-08_at_4.51.06_PM.png", "author": 37}}, {"model": "cibling_web.post", "pk": 48, "fields": {"content": "Good to see the list populating", "time_posted": "2019-02-10T07:33:33.233Z", "image": "post_pics/Screen_Shot_2019-02-10_at_1.16.39_PM.png", "author": 37}}, {"model": "cibling_web.post", "pk": 50, "fields": {"content": "waling in the wood.", "time_posted": "2019-02-22T17:01:36.527Z", "image": "post_pics/18209901_10203270165751057_835487101_o.jpg", "author": 37}}, {"model": "cibling_web.post", "pk": 51, "fields": {"content": "test post. see post", "time_posted": "2019-02-22T17:12:45.104Z", "image": "", "author": 37}}, {"model": "cibling_web.post", "pk": 52, "fields": {"content": "forest forest", "time_posted": "2019-03-09T14:18:00.592Z", "image": "post_pics/forest.jpg", "author": 43}}, {"model": "cibling_web.post", "pk": 54, "fields": {"content": "Working on this book", "time_posted": "2019-03-20T08:50:09.238Z", "image": "post_pics/52407191_334218340634401_7813249297650024448_n.png", "author": 37}}, {"model": "cibling_web.post", "pk": 57, "fields": {"content": "Processed meat is often considered as a very strong risk factor of cancer. The question is- is it the meat that cause cancer or it is the ingredients that are used for processing? \r\nMany chemicals are used during processing for meat and fish. Some of these chemicals may produce some by products that may cause cancer.", "time_posted": "2019-04-13T19:11:36.015Z", "image": "", "author": 37}}, {"model": "cibling_web.post", "pk": 58, "fields": {"content": "hi amigos!", "time_posted": "2019-05-12T03:37:34.521Z", "image": "", "author": 59}}, {"model": "cibling_web.post", "pk": 59, "fields": {"content": "Its a post", "time_posted": "2019-06-16T18:37:34.796Z", "image": "", "author": 72}}, {"model": "cibling_web.post", "pk": 60, "fields": {"content": "dfsdfasdfaf", "time_posted": "2019-06-19T17:08:33.220Z", "image": "", "author": 78}}, {"model": "cibling_web.comment", "pk": 1, "fields": {"text": "I\u2019m designing a document and don\u2019t want to get bogged down in what the text actually says.", "time_posted": "2019-01-08T14:26:28.146Z", "post": 1, "author": 15}}, {"model": "cibling_web.comment", "pk": 2, "fields": {"text": "I\u2019m creating a template with various paragraph styles and need to see what they will look like.", "time_posted": "2019-01-08T14:27:04.898Z", "post": 2, "author": 15}}, {"model": "cibling_web.comment", "pk": 3, "fields": {"text": "I\u2019m creating a macro and need some text for testing purposes.", "time_posted": "2019-01-08T14:27:20.417Z", "post": 7, "author": 15}}, {"model": "cibling_web.comment", "pk": 4, "fields": {"text": "I\u2019m trying to learn more about some feature of Microsoft Word and don\u2019t want to practice on a real document.", "time_posted": "2019-01-08T14:27:38.279Z", "post": 8, "author": 14}}, {"model": "cibling_web.comment", "pk": 5, "fields": {"text": "The quick brown fox jumps over the lazy dog.", "time_posted": "2019-01-08T14:27:58.007Z", "post": 8, "author": 13}}, {"model": "cibling_web.comment", "pk": 6, "fields": {"text": "The quick brown fox jumps over the lazy dog.", "time_posted": "2019-01-08T14:28:10.921Z", "post": 9, "author": 12}}, {"model": "cibling_web.comment", "pk": 7, "fields": {"text": "The quick brown fox jumps over the lazy dog.", "time_posted": "2019-01-08T14:28:24.052Z", "post": 7, "author": 16}}, {"model": "cibling_web.comment", "pk": 8, "fields": {"text": "My Two bit", "time_posted": "2019-01-26T12:43:54.679Z", "post": 7, "author": 1}}, {"model": "cibling_web.comment", "pk": 9, "fields": {"text": "Gotta love my two bit", "time_posted": "2019-01-26T13:34:17.929Z", "post": 8, "author": 1}}, {"model": "cibling_web.comment", "pk": 10, "fields": {"text": "My second two bit", "time_posted": "2019-01-26T18:00:09.759Z", "post": 7, "author": 1}}, {"model": "cibling_web.comment", "pk": 12, "fields": {"text": "Welcome to you too.", "time_posted": "2019-01-28T05:01:47.796Z", "post": 34, "author": 14}}, {"model": "cibling_web.comment", "pk": 13, "fields": {"text": "test", "time_posted": "2019-01-29T09:31:30.163Z", "post": 35, "author": 1}}, {"model": "cibling_web.comment", "pk": 14, "fields": {"text": "thank you. looking forward to meet new ciblings.", "time_posted": "2019-02-01T01:41:09.373Z", "post": 34, "author": 37}}, {"model": "cibling_web.comment", "pk": 15, "fields": {"text": "https://www.nature.com/articles/d41586-019-00347-y", "time_posted": "2019-02-07T04:36:41.670Z", "post": 38, "author": 14}}, {"model": "cibling_web.comment", "pk": 16, "fields": {"text": "test", "time_posted": "2019-02-07T04:37:03.826Z", "post": 38, "author": 14}}, {"model": "cibling_web.comment", "pk": 17, "fields": {"text": "try here https://www.google.com/", "time_posted": "2019-02-07T18:15:48.537Z", "post": 35, "author": 15}}, {"model": "cibling_web.comment", "pk": 18, "fields": {"text": "An important note for scientists.", "time_posted": "2019-02-08T04:16:07.983Z", "post": 42, "author": 37}}, {"model": "cibling_web.comment", "pk": 19, "fields": {"text": "Right", "time_posted": "2019-02-08T07:42:29.547Z", "post": 42, "author": 14}}, {"model": "cibling_web.comment", "pk": 20, "fields": {"text": "Great! Wish to read.", "time_posted": "2019-03-20T14:21:47.132Z", "post": 54, "author": 14}}, {"model": "cibling_web.comment", "pk": 21, "fields": {"text": "dffd", "time_posted": "2019-06-16T18:37:39.032Z", "post": 59, "author": 72}}, {"model": "cibling_web.comment", "pk": 22, "fields": {"text": "dfdfdfdf", "time_posted": "2019-06-16T18:37:42.696Z", "post": 59, "author": 72}}, {"model": "cibling_web.activity", "pk": 1, "fields": {"actor": 1, "time_posted": "2019-01-29T19:09:43.487Z", "text": "ehsan has added a new post \"Finally back with a ...\"", "type": "post", "post": 36}}, {"model": "cibling_web.activity", "pk": 2, "fields": {"actor": 37, "time_posted": "2019-02-01T01:41:09.375Z", "text": "mustak05 has added a new comment \"thank you. looking f...\"", "type": "comment", "post": 34}}, {"model": "cibling_web.activity", "pk": 3, "fields": {"actor": 37, "time_posted": "2019-02-01T14:41:32.817Z", "text": "mustak05 has added a new post \"Looking forward to t...\"", "type": "post", "post": 37}}, {"model": "cibling_web.activity", "pk": 4, "fields": {"actor": 37, "time_posted": "2019-02-01T14:42:44.062Z", "text": "mustak05 has added a new post \"Science is getting m...\"", "type": "post", "post": 38}}, {"model": "cibling_web.activity", "pk": 5, "fields": {"actor": 14, "time_posted": "2019-02-07T04:36:41.673Z", "text": "sifat has added a new comment \"https://www.nature.c...\"", "type": "comment", "post": 38}}, {"model": "cibling_web.activity", "pk": 6, "fields": {"actor": 14, "time_posted": "2019-02-07T04:37:03.830Z", "text": "sifat has added a new comment \"test...\"", "type": "comment", "post": 38}}, {"model": "cibling_web.activity", "pk": 7, "fields": {"actor": 14, "time_posted": "2019-02-07T17:51:36.824Z", "text": "sifat has added a new post \"\u09ac\u09be\u0982\u09b2\u09be \u09ac\u09be\u0982\u09b2\u09be \u09b2\u09c7\u0996\u09be\u0964 \u09ab\u09c7...\"", "type": "post", "post": 39}}, {"model": "cibling_web.activity", "pk": 9, "fields": {"actor": 15, "time_posted": "2019-02-07T18:15:48.540Z", "text": "sumyea has added a new comment \"try here https://www...\"", "type": "comment", "post": 35}}, {"model": "cibling_web.activity", "pk": 10, "fields": {"actor": 37, "time_posted": "2019-02-08T04:15:45.431Z", "text": "mustak05 has added a new post \"https://www.nature.c...\"", "type": "post", "post": 41}}, {"model": "cibling_web.activity", "pk": 11, "fields": {"actor": 37, "time_posted": "2019-02-08T04:15:45.783Z", "text": "mustak05 has added a new post \"https://www.nature.c...\"", "type": "post", "post": 42}}, {"model": "cibling_web.activity", "pk": 12, "fields": {"actor": 37, "time_posted": "2019-02-08T04:16:07.987Z", "text": "mustak05 has added a new comment \"An important note fo...\"", "type": "comment", "post": 42}}, {"model": "cibling_web.activity", "pk": 13, "fields": {"actor": 14, "time_posted": "2019-02-08T07:42:29.549Z", "text": "sifat has added a new comment \"Right...\"", "type": "comment", "post": 42}}, {"model": "cibling_web.activity", "pk": 15, "fields": {"actor": 37, "time_posted": "2019-02-08T09:32:34.577Z", "text": "mustak05 has added a new post \"Test post...\"", "type": "post", "post": 44}}, {"model": "cibling_web.activity", "pk": 16, "fields": {"actor": 37, "time_posted": "2019-02-08T13:56:35.420Z", "text": "mustak05 has added a new post \"test post test post ...\"", "type": "post", "post": 45}}, {"model": "cibling_web.activity", "pk": 17, "fields": {"actor": 37, "time_posted": "2019-02-09T05:55:22.230Z", "text": "mustak05 has added a new post \"I love genetics. it ...\"", "type": "post", "post": 46}}, {"model": "cibling_web.activity", "pk": 18, "fields": {"actor": 37, "time_posted": "2019-02-09T06:10:00.214Z", "text": "mustak05 has added a new post \"we can win....\"", "type": "post", "post": 47}}, {"model": "cibling_web.activity", "pk": 19, "fields": {"actor": 37, "time_posted": "2019-02-10T07:33:33.237Z", "text": "mustak05 has added a new post \"Good to see the list...\"", "type": "post", "post": 48}}, {"model": "cibling_web.activity", "pk": 21, "fields": {"actor": 37, "time_posted": "2019-02-22T17:01:36.533Z", "text": "mustak05 has added a new post \"waling in the wood....\"", "type": "post", "post": 50}}, {"model": "cibling_web.activity", "pk": 22, "fields": {"actor": 37, "time_posted": "2019-02-22T17:12:45.106Z", "text": "mustak05 has added a new post \"test post. see post...\"", "type": "post", "post": 51}}, {"model": "cibling_web.activity", "pk": 23, "fields": {"actor": 43, "time_posted": "2019-03-09T14:18:00.597Z", "text": "clingb has added a new post \"forest forest...\"", "type": "post", "post": 52}}, {"model": "cibling_web.activity", "pk": 25, "fields": {"actor": 37, "time_posted": "2019-03-20T08:50:09.244Z", "text": "mustak05 has added a new post \"Working on this book...\"", "type": "post", "post": 54}}, {"model": "cibling_web.activity", "pk": 26, "fields": {"actor": 14, "time_posted": "2019-03-20T14:21:47.135Z", "text": "sifat has added a new comment \"Great! Wish to read....\"", "type": "comment", "post": 54}}, {"model": "cibling_web.activity", "pk": 29, "fields": {"actor": 37, "time_posted": "2019-04-13T19:11:36.017Z", "text": "mustak05 has added a new post \"Processed meat is of...\"", "type": "post", "post": 57}}, {"model": "cibling_web.activity", "pk": 30, "fields": {"actor": 59, "time_posted": "2019-05-12T03:37:34.523Z", "text": "anirudha92 has added a new post \"hi amigos!...\"", "type": "post", "post": 58}}, {"model": "cibling_web.activity", "pk": 31, "fields": {"actor": 72, "time_posted": "2019-06-16T18:37:34.897Z", "text": "abir has added a new post \"Its a post...\"", "type": "post", "post": 59}}, {"model": "cibling_web.activity", "pk": 32, "fields": {"actor": 72, "time_posted": "2019-06-16T18:37:39.113Z", "text": "abir has added a new comment \"dffd...\"", "type": "comment", "post": 59}}, {"model": "cibling_web.activity", "pk": 33, "fields": {"actor": 72, "time_posted": "2019-06-16T18:37:42.772Z", "text": "abir has added a new comment \"dfdfdfdf...\"", "type": "comment", "post": 59}}, {"model": "cibling_web.activity", "pk": 34, "fields": {"actor": 78, "time_posted": "2019-06-19T17:08:33.323Z", "text": "ruhshan has added a new post \"dfsdfasdfaf...\"", "type": "post", "post": 60}}, {"model": "users.country", "pk": 1, "fields": {"country": "unknown"}}, {"model": "users.country", "pk": 2, "fields": {"country": "Bangladesh"}}, {"model": "users.country", "pk": 3, "fields": {"country": "India"}}, {"model": "users.country", "pk": 4, "fields": {"country": "China"}}, {"model": "users.country", "pk": 5, "fields": {"country": "South Korea"}}, {"model": "users.country", "pk": 6, "fields": {"country": "Russia"}}, {"model": "users.country", "pk": 7, "fields": {"country": "Japan"}}, {"model": "users.country", "pk": 8, "fields": {"country": "USA"}}, {"model": "users.country", "pk": 9, "fields": {"country": "UK"}}, {"model": "users.country", "pk": 10, "fields": {"country": "France"}}, {"model": "users.country", "pk": 11, "fields": {"country": "Italy"}}, {"model": "users.country", "pk": 12, "fields": {"country": "South Africa"}}, {"model": "users.country", "pk": 13, "fields": {"country": "Mexico"}}, {"model": "users.country", "pk": 14, "fields": {"country": "Brazil"}}, {"model": "users.country", "pk": 15, "fields": {"country": "Other"}}, {"model": "users.subject", "pk": 1, "fields": {"subject": "CSE"}}, {"model": "users.subject", "pk": 2, "fields": {"subject": "Genetics"}}, {"model": "users.subject", "pk": 3, "fields": {"subject": "Chemistry"}}, {"model": "users.subject", "pk": 4, "fields": {"subject": "Physics"}}, {"model": "users.subject", "pk": 5, "fields": {"subject": "Mathematics"}}, {"model": "users.subject", "pk": 6, "fields": {"subject": "Fine Arts"}}, {"model": "users.subject", "pk": 7, "fields": {"subject": "Economics"}}, {"model": "users.subject", "pk": 8, "fields": {"subject": "Mechanical Engineering"}}, {"model": "users.subject", "pk": 9, "fields": {"subject": "Mechanical Study"}}, {"model": "users.subject", "pk": 10, "fields": {"subject": "Social Science"}}, {"model": "users.subject", "pk": 11, "fields": {"subject": "Cse"}}, {"model": "users.subject", "pk": 12, "fields": {"subject": "Biology"}}, {"model": "users.subject", "pk": 13, "fields": {"subject": "Botany"}}, {"model": "users.expertise", "pk": 1, "fields": {"expertise": "Software Development"}}, {"model": "users.expertise", "pk": 2, "fields": {"expertise": "CAD"}}, {"model": "users.expertise", "pk": 3, "fields": {"expertise": "Graphics Design"}}, {"model": "users.expertise", "pk": 4, "fields": {"expertise": "MATLAB"}}, {"model": "users.expertise", "pk": 5, "fields": {"expertise": "Java"}}, {"model": "users.expertise", "pk": 6, "fields": {"expertise": "Frog"}}, {"model": "users.expertise", "pk": 7, "fields": {"expertise": "Egg"}}, {"model": "users.expertise", "pk": 8, "fields": {"expertise": "Python"}}, {"model": "users.interest", "pk": 1, "fields": {"interest": "Drawing"}}, {"model": "users.interest", "pk": 2, "fields": {"interest": "Singing"}}, {"model": "users.interest", "pk": 3, "fields": {"interest": "Playing"}}, {"model": "users.interest", "pk": 4, "fields": {"interest": "Facebook"}}, {"model": "users.interest", "pk": 5, "fields": {"interest": "Python"}}, {"model": "users.interest", "pk": 6, "fields": {"interest": "Cython"}}, {"model": "users.interest", "pk": 7, "fields": {"interest": "Writing"}}, {"model": "users.language", "pk": 1, "fields": {"language": "Bangla"}}, {"model": "users.language", "pk": 2, "fields": {"language": "English"}}, {"model": "users.language", "pk": 3, "fields": {"language": "Russian"}}, {"model": "users.institute", "pk": 1, "fields": {"institute": "BUET", "country": 2}}, {"model": "users.institute", "pk": 2, "fields": {"institute": "Dhaka University", "country": 2}}, {"model": "users.institute", "pk": 3, "fields": {"institute": "IIT", "country": 3}}, {"model": "users.institute", "pk": 4, "fields": {"institute": "China U1", "country": 4}}, {"model": "users.institute", "pk": 5, "fields": {"institute": "China U2", "country": 4}}, {"model": "users.institute", "pk": 6, "fields": {"institute": "SK U1", "country": 5}}, {"model": "users.institute", "pk": 7, "fields": {"institute": "SK U2", "country": 5}}, {"model": "users.institute", "pk": 8, "fields": {"institute": "National University", "country": 6}}, {"model": "users.institute", "pk": 9, "fields": {"institute": "St Petersburg University", "country": 6}}, {"model": "users.institute", "pk": 10, "fields": {"institute": "National University of Japan", "country": 7}}, {"model": "users.institute", "pk": 11, "fields": {"institute": "University of California", "country": 8}}, {"model": "users.institute", "pk": 12, "fields": {"institute": "Oxford University", "country": 9}}, {"model": "users.institute", "pk": 13, "fields": {"institute": "NYU", "country": 8}}, {"model": "users.institute", "pk": 14, "fields": {"institute": "Other", "country": 15}}, {"model": "users.institute", "pk": 15, "fields": {"institute": "Buet Varsity", "country": 2}}, {"model": "users.institute", "pk": 16, "fields": {"institute": "Indian Institute Of Technology", "country": 3}}, {"model": "users.institute", "pk": 17, "fields": {"institute": "Indian Institute Of Technology4", "country": 3}}, {"model": "users.institute", "pk": 18, "fields": {"institute": "Indian Institute Of Technology5", "country": 3}}, {"model": "users.institute", "pk": 19, "fields": {"institute": "Indian Institute Of Technology7", "country": 1}}, {"model": "users.institute", "pk": 20, "fields": {"institute": "Indian Institute Of Technology9", "country": 3}}, {"model": "users.institute", "pk": 21, "fields": {"institute": "Shahajalal University", "country": 2}}, {"model": "users.institute", "pk": 22, "fields": {"institute": "Sk U2", "country": 5}}, {"model": "users.profile", "pk": 2, "fields": {"user": 1, "image": "profile_pics/user-12.jpg", "cover_image": "cover_pics/9.jpg", "institute": 1, "date_of_birth": "2001-01-01"}}, {"model": "users.profile", "pk": 3, "fields": {"user": 5, "image": "profile_pics/user-14.jpg", "cover_image": "default.jpg", "institute": 13, "date_of_birth": "2001-01-01"}}, {"model": "users.profile", "pk": 4, "fields": {"user": 12, "image": "profile_pics/user-19.jpg", "cover_image": "cover_pics/6.jpg", "institute": 1, "date_of_birth": "2001-01-01"}}, {"model": "users.profile", "pk": 5, "fields": {"user": 13, "image": "profile_pics/user-7_55UVTNJ.jpg", "cover_image": "cover_pics/5.jpg", "institute": 1, "date_of_birth": "2001-01-01"}}, {"model": "users.profile", "pk": 6, "fields": {"user": 14, "image": "profile_pics/user-8.jpg", "cover_image": "cover_pics/4.jpg", "institute": 1, "date_of_birth": "2001-01-01"}}, {"model": "users.profile", "pk": 7, "fields": {"user": 15, "image": "profile_pics/user-2.jpg", "cover_image": "cover_pics/3.jpg", "institute": 1, "date_of_birth": "2001-01-01"}}, {"model": "users.profile", "pk": 8, "fields": {"user": 16, "image": "profile_pics/user-3.jpg", "cover_image": "cover_pics/10.jpg", "institute": null, "date_of_birth": "2001-01-01"}}, {"model": "users.profile", "pk": 12, "fields": {"user": 23, "image": "default.jpg", "cover_image": "default.jpg", "institute": 1, "date_of_birth": "2001-01-01"}}, {"model": "users.profile", "pk": 13, "fields": {"user": 24, "image": "default.jpg", "cover_image": "default.jpg", "institute": 2, "date_of_birth": "2001-01-01"}}, {"model": "users.profile", "pk": 14, "fields": {"user": 25, "image": "default.jpg", "cover_image": "default.jpg", "institute": 2, "date_of_birth": "2001-01-01"}}, {"model": "users.profile", "pk": 15, "fields": {"user": 26, "image": "default.jpg", "cover_image": "default.jpg", "institute": 1, "date_of_birth": "2001-01-01"}}, {"model": "users.profile", "pk": 16, "fields": {"user": 27, "image": "default.jpg", "cover_image": "default.jpg", "institute": 1, "date_of_birth": "2001-01-01"}}, {"model": "users.profile", "pk": 17, "fields": {"user": 28, "image": "default.jpg", "cover_image": "default.jpg", "institute": 1, "date_of_birth": "2001-01-01"}}, {"model": "users.profile", "pk": 18, "fields": {"user": 29, "image": "default.jpg", "cover_image": "default.jpg", "institute": 1, "date_of_birth": "2001-01-01"}}, {"model": "users.profile", "pk": 19, "fields": {"user": 30, "image": "default.jpg", "cover_image": "default.jpg", "institute": 1, "date_of_birth": "2001-01-01"}}, {"model": "users.profile", "pk": 20, "fields": {"user": 31, "image": "default.jpg", "cover_image": "default.jpg", "institute": 6, "date_of_birth": "2001-01-01"}}, {"model": "users.profile", "pk": 21, "fields": {"user": 32, "image": "default.jpg", "cover_image": "default.jpg", "institute": 7, "date_of_birth": "2001-01-01"}}, {"model": "users.profile", "pk": 22, "fields": {"user": 33, "image": "default.jpg", "cover_image": "default.jpg", "institute": 6, "date_of_birth": "2001-01-01"}}, {"model": "users.profile", "pk": 23, "fields": {"user": 34, "image": "default.jpg", "cover_image": "default.jpg", "institute": 7, "date_of_birth": "2001-01-01"}}, {"model": "users.profile", "pk": 24, "fields": {"user": 35, "image": "default.jpg", "cover_image": "default.jpg", "institute": 6, "date_of_birth": "2001-01-01"}}, {"model": "users.profile", "pk": 25, "fields": {"user": 36, "image": "default.jpg", "cover_image": "default.jpg", "institute": 7, "date_of_birth": "2001-01-01"}}, {"model": "users.profile", "pk": 26, "fields": {"user": 37, "image": "profile_pics/prpic.png", "cover_image": "cover_pics/Oxford_Radcam_1dB6wRg.jpg", "institute": 2, "date_of_birth": "1984-03-01"}}, {"model": "users.profile", "pk": 27, "fields": {"user": 38, "image": "default.jpg", "cover_image": "default.jpg", "institute": 12, "date_of_birth": "1989-03-22"}}, {"model": "users.profile", "pk": 28, "fields": {"user": 39, "image": "default.jpg", "cover_image": "default.jpg", "institute": 4, "date_of_birth": "1995-05-05"}}, {"model": "users.profile", "pk": 29, "fields": {"user": 41, "image": "default.jpg", "cover_image": "default.jpg", "institute": 11, "date_of_birth": "2001-01-01"}}, {"model": "users.profile", "pk": 31, "fields": {"user": 43, "image": "default.jpg", "cover_image": "default.jpg", "institute": 12, "date_of_birth": "1984-03-01"}}, {"model": "users.profile", "pk": 33, "fields": {"user": 45, "image": "default.jpg", "cover_image": "default.jpg", "institute": 1, "date_of_birth": "1993-01-26"}}, {"model": "users.profile", "pk": 34, "fields": {"user": 46, "image": "default.jpg", "cover_image": "default.jpg", "institute": 1, "date_of_birth": "1990-01-01"}}, {"model": "users.profile", "pk": 35, "fields": {"user": 47, "image": "default.jpg", "cover_image": "default.jpg", "institute": 12, "date_of_birth": "1985-08-06"}}, {"model": "users.profile", "pk": 36, "fields": {"user": 48, "image": "default.jpg", "cover_image": "default.jpg", "institute": 2, "date_of_birth": "1988-07-04"}}, {"model": "users.profile", "pk": 37, "fields": {"user": 49, "image": "default.jpg", "cover_image": "default.jpg", "institute": 12, "date_of_birth": "1994-05-24"}}, {"model": "users.profile", "pk": 38, "fields": {"user": 50, "image": "default.jpg", "cover_image": "default.jpg", "institute": 2, "date_of_birth": "1983-08-05"}}, {"model": "users.profile", "pk": 39, "fields": {"user": 51, "image": "default.jpg", "cover_image": "default.jpg", "institute": 13, "date_of_birth": "1990-01-02"}}, {"model": "users.profile", "pk": 40, "fields": {"user": 52, "image": "default.jpg", "cover_image": "default.jpg", "institute": 13, "date_of_birth": "1980-10-10"}}, {"model": "users.profile", "pk": 41, "fields": {"user": 53, "image": "default.jpg", "cover_image": "default.jpg", "institute": 14, "date_of_birth": "1984-03-01"}}, {"model": "users.profile", "pk": 42, "fields": {"user": 54, "image": "default.jpg", "cover_image": "default.jpg", "institute": 14, "date_of_birth": "1990-01-01"}}, {"model": "users.profile", "pk": 43, "fields": {"user": 55, "image": "default.jpg", "cover_image": "default.jpg", "institute": 14, "date_of_birth": "1989-02-01"}}, {"model": "users.profile", "pk": 44, "fields": {"user": 56, "image": "default.jpg", "cover_image": "default.jpg", "institute": 14, "date_of_birth": "1964-03-01"}}, {"model": "users.profile", "pk": 45, "fields": {"user": 57, "image": "default.jpg", "cover_image": "default.jpg", "institute": 14, "date_of_birth": "1985-02-01"}}, {"model": "users.profile", "pk": 46, "fields": {"user": 58, "image": "default.jpg", "cover_image": "default.jpg", "institute": 14, "date_of_birth": "1985-05-14"}}, {"model": "users.profile", "pk": 47, "fields": {"user": 59, "image": "default.jpg", "cover_image": "default.jpg", "institute": 1, "date_of_birth": "1992-06-25"}}, {"model": "users.profile", "pk": 48, "fields": {"user": 60, "image": "default.jpg", "cover_image": "default.jpg", "institute": 14, "date_of_birth": "2019-05-14"}}, {"model": "users.profile", "pk": 49, "fields": {"user": 61, "image": "default.jpg", "cover_image": "default.jpg", "institute": 14, "date_of_birth": "1992-11-27"}}, {"model": "users.profile", "pk": 50, "fields": {"user": 62, "image": "default.jpg", "cover_image": "default.jpg", "institute": 12, "date_of_birth": "1988-12-17"}}, {"model": "users.profile", "pk": 51, "fields": {"user": 63, "image": "default.jpg", "cover_image": "default.jpg", "institute": 14, "date_of_birth": "1996-02-07"}}, {"model": "users.profile", "pk": 55, "fields": {"user": 69, "image": "default.jpg", "cover_image": "default.jpg", "institute": 2, "date_of_birth": "2019-06-04"}}, {"model": "users.profile", "pk": 56, "fields": {"user": 70, "image": "default.jpg", "cover_image": "default.jpg", "institute": 15, "date_of_birth": "2019-06-05"}}, {"model": "users.profile", "pk": 57, "fields": {"user": 71, "image": "default.jpg", "cover_image": "default.jpg", "institute": 2, "date_of_birth": "2019-06-07"}}, {"model": "users.profile", "pk": 58, "fields": {"user": 72, "image": "default.jpg", "cover_image": "default.jpg", "institute": 2, "date_of_birth": "2019-06-03"}}, {"model": "users.profile", "pk": 59, "fields": {"user": 73, "image": "default.jpg", "cover_image": "default.jpg", "institute": 21, "date_of_birth": "2019-06-10"}}, {"model": "users.profile", "pk": 60, "fields": {"user": 74, "image": "default.jpg", "cover_image": "default.jpg", "institute": 22, "date_of_birth": "2010-02-03"}}, {"model": "users.profile", "pk": 64, "fields": {"user": 78, "image": "default.jpg", "cover_image": "default.jpg", "institute": 2, "date_of_birth": "2019-06-11"}}, {"model": "users.profileinfo", "pk": 3, "fields": {"profile": 2, "personal_info": "p info", "subject": 1, "expertises": [2], "interests": [2], "languages": [3]}}, {"model": "users.profileinfo", "pk": 4, "fields": {"profile": 3, "personal_info": "p info", "subject": 1, "expertises": [1], "interests": [1], "languages": [1]}}, {"model": "users.profileinfo", "pk": 5, "fields": {"profile": 4, "personal_info": "p info", "subject": 3, "expertises": [1], "interests": [1], "languages": [1]}}, {"model": "users.profileinfo", "pk": 6, "fields": {"profile": 5, "personal_info": "p info", "subject": 3, "expertises": [3], "interests": [1], "languages": [3]}}, {"model": "users.profileinfo", "pk": 7, "fields": {"profile": 6, "personal_info": "Hi I am", "subject": 5, "expertises": [1], "interests": [2, 3], "languages": [1]}}, {"model": "users.profileinfo", "pk": 8, "fields": {"profile": 7, "personal_info": "p info", "subject": 4, "expertises": [4], "interests": [1], "languages": [1]}}, {"model": "users.profileinfo", "pk": 9, "fields": {"profile": 8, "personal_info": "p info", "subject": 4, "expertises": [3], "interests": [3], "languages": [2]}}, {"model": "users.profileinfo", "pk": 10, "fields": {"profile": 12, "personal_info": "p info", "subject": 5, "expertises": [1], "interests": [1], "languages": [1]}}, {"model": "users.profileinfo", "pk": 11, "fields": {"profile": 13, "personal_info": "p info", "subject": 5, "expertises": [2], "interests": [1], "languages": [1]}}, {"model": "users.profileinfo", "pk": 12, "fields": {"profile": 14, "personal_info": "p info", "subject": 5, "expertises": [4], "interests": [3], "languages": [1]}}, {"model": "users.profileinfo", "pk": 13, "fields": {"profile": 15, "personal_info": "p info", "subject": 5, "expertises": [4], "interests": [1], "languages": [3]}}, {"model": "users.profileinfo", "pk": 14, "fields": {"profile": 16, "personal_info": "p info", "subject": 2, "expertises": [3], "interests": [1], "languages": [1]}}, {"model": "users.profileinfo", "pk": 15, "fields": {"profile": 17, "personal_info": null, "subject": null, "expertises": [], "interests": [], "languages": []}}, {"model": "users.profileinfo", "pk": 16, "fields": {"profile": 18, "personal_info": "Django is a powerful framework for writing Python web applications. Using a full-featured framework like Django allows you to get your applications and sites up and running quicker without having to worry about the common structural code to tie it together. Frameworks let you focus on the unique portions of your application and let the tools do the heavy lifting.", "subject": 2, "expertises": [1, 2], "interests": [1], "languages": [1, 2]}}, {"model": "users.profileinfo", "pk": 17, "fields": {"profile": 19, "personal_info": "p info", "subject": 5, "expertises": [3], "interests": [1], "languages": [3]}}, {"model": "users.profileinfo", "pk": 18, "fields": {"profile": 20, "personal_info": "p info", "subject": 5, "expertises": [4], "interests": [2], "languages": [3]}}, {"model": "users.profileinfo", "pk": 19, "fields": {"profile": 21, "personal_info": "p info", "subject": 1, "expertises": [4], "interests": [1], "languages": [3]}}, {"model": "users.profileinfo", "pk": 20, "fields": {"profile": 22, "personal_info": "p info", "subject": 1, "expertises": [4], "interests": [1], "languages": [3]}}, {"model": "users.profileinfo", "pk": 21, "fields": {"profile": 23, "personal_info": "p info", "subject": 1, "expertises": [3], "interests": [2], "languages": [3]}}, {"model": "users.profileinfo", "pk": 22, "fields": {"profile": 24, "personal_info": "p info", "subject": 1, "expertises": [1], "interests": [3], "languages": [3]}}, {"model": "users.profileinfo", "pk": 23, "fields": {"profile": 25, "personal_info": null, "subject": null, "expertises": [], "interests": [], "languages": []}}, {"model": "users.profileinfo", "pk": 24, "fields": {"profile": 26, "personal_info": "I am an assitant professor in the University of Dhaka. I am empathic and believe in the sharing of resources- both intellectual and  tangible. Welcome to my network", "subject": 2, "expertises": [4], "interests": [2], "languages": [1]}}, {"model": "users.profileinfo", "pk": 25, "fields": {"profile": 27, "personal_info": null, "subject": null, "expertises": [], "interests": [], "languages": []}}, {"model": "users.profileinfo", "pk": 26, "fields": {"profile": 28, "personal_info": null, "subject": null, "expertises": [], "interests": [], "languages": []}}, {"model": "users.profileinfo", "pk": 27, "fields": {"profile": 29, "personal_info": null, "subject": null, "expertises": [], "interests": [], "languages": []}}, {"model": "users.profileinfo", "pk": 29, "fields": {"profile": 31, "personal_info": null, "subject": null, "expertises": [], "interests": [], "languages": []}}, {"model": "users.profileinfo", "pk": 31, "fields": {"profile": 33, "personal_info": null, "subject": null, "expertises": [], "interests": [], "languages": []}}, {"model": "users.profileinfo", "pk": 32, "fields": {"profile": 34, "personal_info": null, "subject": null, "expertises": [], "interests": [], "languages": []}}, {"model": "users.profileinfo", "pk": 33, "fields": {"profile": 35, "personal_info": "Assistant professor computational intelligence at Vrije Universiteit Amsterdam", "subject": 5, "expertises": [1], "interests": [3], "languages": [2]}}, {"model": "users.profileinfo", "pk": 34, "fields": {"profile": 36, "personal_info": null, "subject": null, "expertises": [], "interests": [], "languages": []}}, {"model": "users.profileinfo", "pk": 35, "fields": {"profile": 37, "personal_info": null, "subject": null, "expertises": [], "interests": [], "languages": []}}, {"model": "users.profileinfo", "pk": 36, "fields": {"profile": 38, "personal_info": null, "subject": null, "expertises": [], "interests": [], "languages": []}}, {"model": "users.profileinfo", "pk": 37, "fields": {"profile": 39, "personal_info": null, "subject": null, "expertises": [], "interests": [], "languages": []}}, {"model": "users.profileinfo", "pk": 38, "fields": {"profile": 40, "personal_info": null, "subject": null, "expertises": [], "interests": [], "languages": []}}, {"model": "users.profileinfo", "pk": 39, "fields": {"profile": 41, "personal_info": null, "subject": null, "expertises": [], "interests": [], "languages": []}}, {"model": "users.profileinfo", "pk": 40, "fields": {"profile": 42, "personal_info": null, "subject": null, "expertises": [], "interests": [], "languages": []}}, {"model": "users.profileinfo", "pk": 41, "fields": {"profile": 43, "personal_info": null, "subject": null, "expertises": [], "interests": [], "languages": []}}, {"model": "users.profileinfo", "pk": 42, "fields": {"profile": 44, "personal_info": null, "subject": null, "expertises": [], "interests": [], "languages": []}}, {"model": "users.profileinfo", "pk": 43, "fields": {"profile": 45, "personal_info": null, "subject": null, "expertises": [], "interests": [], "languages": []}}, {"model": "users.profileinfo", "pk": 44, "fields": {"profile": 46, "personal_info": null, "subject": null, "expertises": [], "interests": [], "languages": []}}, {"model": "users.profileinfo", "pk": 45, "fields": {"profile": 47, "personal_info": null, "subject": null, "expertises": [], "interests": [], "languages": []}}, {"model": "users.profileinfo", "pk": 46, "fields": {"profile": 48, "personal_info": null, "subject": null, "expertises": [], "interests": [], "languages": []}}, {"model": "users.profileinfo", "pk": 47, "fields": {"profile": 49, "personal_info": null, "subject": null, "expertises": [], "interests": [], "languages": []}}, {"model": "users.profileinfo", "pk": 48, "fields": {"profile": 50, "personal_info": null, "subject": null, "expertises": [], "interests": [], "languages": []}}, {"model": "users.profileinfo", "pk": 49, "fields": {"profile": 51, "personal_info": null, "subject": null, "expertises": [], "interests": [], "languages": []}}, {"model": "users.profileinfo", "pk": 53, "fields": {"profile": 55, "personal_info": null, "subject": null, "expertises": [], "interests": [], "languages": []}}, {"model": "users.profileinfo", "pk": 54, "fields": {"profile": 56, "personal_info": null, "subject": null, "expertises": [4], "interests": [1], "languages": []}}, {"model": "users.profileinfo", "pk": 55, "fields": {"profile": 57, "personal_info": null, "subject": null, "expertises": [5], "interests": [5, 6], "languages": []}}, {"model": "users.profileinfo", "pk": 56, "fields": {"profile": 58, "personal_info": null, "subject": 13, "expertises": [6, 7], "interests": [1], "languages": []}}, {"model": "users.profileinfo", "pk": 57, "fields": {"profile": 59, "personal_info": null, "subject": 6, "expertises": [5, 8], "interests": [1, 2, 7], "languages": []}}, {"model": "users.profileinfo", "pk": 58, "fields": {"profile": 60, "personal_info": null, "subject": 6, "expertises": [3], "interests": [4], "languages": []}}, {"model": "users.profileinfo", "pk": 62, "fields": {"profile": 64, "personal_info": null, "subject": 2, "expertises": [3], "interests": [4], "languages": []}}, {"model": "users.cibling", "pk": 2, "fields": {"cibling_1": 1, "cibling_2": 12, "status": true}}, {"model": "users.cibling", "pk": 3, "fields": {"cibling_1": 1, "cibling_2": 15, "status": true}}, {"model": "users.cibling", "pk": 4, "fields": {"cibling_1": 15, "cibling_2": 14, "status": true}}, {"model": "users.cibling", "pk": 5, "fields": {"cibling_1": 15, "cibling_2": 12, "status": true}}, {"model": "users.cibling", "pk": 6, "fields": {"cibling_1": 15, "cibling_2": 27, "status": true}}, {"model": "users.cibling", "pk": 7, "fields": {"cibling_1": 15, "cibling_2": 13, "status": false}}, {"model": "users.cibling", "pk": 8, "fields": {"cibling_1": 15, "cibling_2": 16, "status": true}}, {"model": "users.cibling", "pk": 9, "fields": {"cibling_1": 14, "cibling_2": 12, "status": true}}, {"model": "users.cibling", "pk": 10, "fields": {"cibling_1": 14, "cibling_2": 16, "status": true}}, {"model": "users.cibling", "pk": 11, "fields": {"cibling_1": 16, "cibling_2": 14, "status": true}}, {"model": "users.cibling", "pk": 12, "fields": {"cibling_1": 14, "cibling_2": 37, "status": true}}, {"model": "users.cibling", "pk": 13, "fields": {"cibling_1": 14, "cibling_2": 13, "status": true}}, {"model": "users.cibling", "pk": 14, "fields": {"cibling_1": 1, "cibling_2": 26, "status": false}}, {"model": "users.cibling", "pk": 15, "fields": {"cibling_1": 37, "cibling_2": 1, "status": true}}, {"model": "users.cibling", "pk": 16, "fields": {"cibling_1": 37, "cibling_2": 12, "status": true}}, {"model": "users.cibling", "pk": 17, "fields": {"cibling_1": 14, "cibling_2": 1, "status": true}}, {"model": "users.cibling", "pk": 18, "fields": {"cibling_1": 37, "cibling_2": 38, "status": true}}, {"model": "users.cibling", "pk": 19, "fields": {"cibling_1": 37, "cibling_2": 39, "status": true}}, {"model": "users.cibling", "pk": 20, "fields": {"cibling_1": 43, "cibling_2": 37, "status": true}}, {"model": "users.cibling", "pk": 21, "fields": {"cibling_1": 45, "cibling_2": 37, "status": true}}, {"model": "users.cibling", "pk": 22, "fields": {"cibling_1": 46, "cibling_2": 37, "status": true}}, {"model": "users.cibling", "pk": 23, "fields": {"cibling_1": 46, "cibling_2": 1, "status": true}}, {"model": "users.cibling", "pk": 24, "fields": {"cibling_1": 1, "cibling_2": 5, "status": false}}, {"model": "users.cibling", "pk": 25, "fields": {"cibling_1": 48, "cibling_2": 37, "status": true}}, {"model": "users.cibling", "pk": 26, "fields": {"cibling_1": 49, "cibling_2": 37, "status": true}}, {"model": "users.cibling", "pk": 27, "fields": {"cibling_1": 51, "cibling_2": 14, "status": true}}, {"model": "users.cibling", "pk": 28, "fields": {"cibling_1": 37, "cibling_2": 50, "status": true}}, {"model": "users.cibling", "pk": 29, "fields": {"cibling_1": 37, "cibling_2": 58, "status": true}}, {"model": "users.cibling", "pk": 30, "fields": {"cibling_1": 59, "cibling_2": 1, "status": false}}, {"model": "users.cibling", "pk": 31, "fields": {"cibling_1": 62, "cibling_2": 37, "status": true}}, {"model": "users.cibling", "pk": 32, "fields": {"cibling_1": 78, "cibling_2": 1, "status": false}}, {"model": "postman.message", "pk": 1, "fields": {"subject": "Test", "body": "Test", "sender": 14, "recipient": 37, "email": "", "parent": null, "thread": null, "sent_at": "2019-02-09T06:48:16.440Z", "read_at": null, "replied_at": null, "sender_archived": false, "recipient_archived": false, "sender_deleted_at": null, "recipient_deleted_at": null, "moderation_status": "a", "moderation_by": null, "moderation_date": "2019-02-09T06:48:16.444Z", "moderation_reason": ""}}, {"model": "postman.message", "pk": 2, "fields": {"subject": "test", "body": "Test", "sender": 14, "recipient": 37, "email": "", "parent": null, "thread": null, "sent_at": "2019-02-09T06:48:51.387Z", "read_at": null, "replied_at": null, "sender_archived": true, "recipient_archived": false, "sender_deleted_at": null, "recipient_deleted_at": null, "moderation_status": "a", "moderation_by": null, "moderation_date": "2019-02-09T06:48:51.389Z", "moderation_reason": ""}}, {"model": "postman.message", "pk": 3, "fields": {"subject": "hell", "body": "i am in hell", "sender": 1, "recipient": 1, "email": "", "parent": null, "thread": null, "sent_at": "2019-03-04T15:19:37.265Z", "read_at": null, "replied_at": null, "sender_archived": false, "recipient_archived": false, "sender_deleted_at": null, "recipient_deleted_at": null, "moderation_status": "a", "moderation_by": null, "moderation_date": "2019-03-04T15:19:37.267Z", "moderation_reason": ""}}, {"model": "postman.message", "pk": 4, "fields": {"subject": "hello", "body": "send my miney back brother", "sender": 14, "recipient": 1, "email": "", "parent": null, "thread": null, "sent_at": "2019-03-04T16:42:14.897Z", "read_at": "2019-03-09T13:09:54.243Z", "replied_at": null, "sender_archived": false, "recipient_archived": false, "sender_deleted_at": "2019-03-04T15:39:52.802Z", "recipient_deleted_at": null, "moderation_status": "a", "moderation_by": null, "moderation_date": "2019-03-04T16:42:14.899Z", "moderation_reason": ""}}, {"model": "postman.message", "pk": 5, "fields": {"subject": "test 10", "body": "Lorem Ipsum is simply dummy text of the printing and typesetting industry. Lorem Ipsum has been the industry's standard dummy text ever since the 1500s, when an unknown printer took a galley of type and scrambled it to make a type specimen book. It has survived not only five centuries, but also the leap into electronic typesetting, remaining essentially unchanged. It was popularised in the 1960s with the release of Letraset sheets containing Lorem Ipsum passages, and more recently with desktop publishing software like Aldus PageMaker including versions of Lorem Ipsum.", "sender": 14, "recipient": 37, "email": "", "parent": null, "thread": null, "sent_at": "2019-03-06T13:58:22.009Z", "read_at": null, "replied_at": null, "sender_archived": false, "recipient_archived": false, "sender_deleted_at": null, "recipient_deleted_at": null, "moderation_status": "a", "moderation_by": null, "moderation_date": "2019-03-06T13:58:22.011Z", "moderation_reason": ""}}, {"model": "postman.message", "pk": 6, "fields": {"subject": "\u099f\u09c7\u09b8\u09cd\u099f", "body": "Lorem Ipsum is simply dummy text of the printing and typesetting industry. Lorem Ipsum has been the industry's standard dummy text ever since the 1500s, when an unknown printer took a galley of type and scrambled it to make a type specimen book. It has survived not only five centuries, but also the leap into electronic typesetting, remaining essentially unchanged. It was popularised in the 1960s with the release of Letraset sheets containing Lorem Ipsum passages, and more recently with desktop publishing software like Aldus PageMaker including versions of Lorem Ipsum.", "sender": 14, "recipient": 14, "email": "", "parent": null, "thread": null, "sent_at": "2019-03-06T15:03:44.513Z", "read_at": null, "replied_at": null, "sender_archived": false, "recipient_archived": false, "sender_deleted_at": null, "recipient_deleted_at": null, "moderation_status": "a", "moderation_by": null, "moderation_date": "2019-03-06T15:03:44.516Z", "moderation_reason": ""}}, {"model": "postman.message", "pk": 7, "fields": {"subject": "test 2", "body": "Lorem Ipsum is simply dummy text of the printing and typesetting industry. Lorem Ipsum has been the industry's standard dummy text ever since the 1500s, when an unknown printer took a galley of type and scrambled it to make a type specimen book. It has survived not only five centuries, but also the leap into electronic typesetting, remaining essentially unchanged. It was popularised in the 1960s with the release of Letraset sheets containing Lorem Ipsum passages, and more recently with desktop publishing software like Aldus PageMaker including versions of Lorem Ipsum.", "sender": 14, "recipient": 14, "email": "", "parent": null, "thread": null, "sent_at": "2019-03-06T15:04:26.985Z", "read_at": null, "replied_at": null, "sender_archived": false, "recipient_archived": false, "sender_deleted_at": null, "recipient_deleted_at": null, "moderation_status": "a", "moderation_by": null, "moderation_date": "2019-03-06T15:04:26.988Z", "moderation_reason": ""}}, {"model": "postman.message", "pk": 8, "fields": {"subject": "test 10", "body": "Lorem Ipsum is simply dummy text of the printing and typesetting industry. Lorem Ipsum has been the industry's standard dummy text ever since the 1500s, when an unknown printer took a galley of type and scrambled it to make a type specimen book. It has survived not only five centuries, but also the leap into electronic typesetting, remaining essentially unchanged. It was popularised in the 1960s with the release of Letraset sheets containing Lorem Ipsum passages, and more recently with desktop publishing software like Aldus PageMaker including versions of Lorem Ipsum.", "sender": 14, "recipient": 37, "email": "", "parent": null, "thread": null, "sent_at": "2019-03-06T15:04:52.160Z", "read_at": null, "replied_at": null, "sender_archived": false, "recipient_archived": false, "sender_deleted_at": null, "recipient_deleted_at": null, "moderation_status": "a", "moderation_by": null, "moderation_date": "2019-03-06T15:04:52.162Z", "moderation_reason": ""}}, {"model": "postman.message", "pk": 9, "fields": {"subject": "How are you", "body": "Cami,\r\nThis is test message. Do you get it?\r\nMx", "sender": 37, "recipient": 38, "email": "", "parent": null, "thread": null, "sent_at": "2019-03-09T12:03:42.080Z", "read_at": null, "replied_at": null, "sender_archived": false, "recipient_archived": false, "sender_deleted_at": null, "recipient_deleted_at": null, "moderation_status": "a", "moderation_by": null, "moderation_date": "2019-03-09T12:03:42.084Z", "moderation_reason": ""}}, {"model": "postman.message", "pk": 10, "fields": {"subject": "test", "body": "do you see it?", "sender": 37, "recipient": 37, "email": "", "parent": null, "thread": null, "sent_at": "2019-03-09T14:59:35.685Z", "read_at": null, "replied_at": null, "sender_archived": false, "recipient_archived": false, "sender_deleted_at": null, "recipient_deleted_at": null, "moderation_status": "a", "moderation_by": null, "moderation_date": "2019-03-09T14:59:35.687Z", "moderation_reason": ""}}, {"model": "postman.message", "pk": 11, "fields": {"subject": "Msg test", "body": "If you get msg, please reply", "sender": 14, "recipient": 37, "email": "", "parent": null, "thread": 11, "sent_at": "2019-03-09T15:07:34.922Z", "read_at": "2019-03-20T09:36:42.021Z", "replied_at": "2019-03-20T09:36:57.025Z", "sender_archived": false, "recipient_archived": false, "sender_deleted_at": null, "recipient_deleted_at": null, "moderation_status": "a", "moderation_by": null, "moderation_date": "2019-03-09T15:07:34.924Z", "moderation_reason": ""}}, {"model": "postman.message", "pk": 12, "fields": {"subject": "Hello", "body": "We can now send messages via cibling", "sender": 1, "recipient": 37, "email": "", "parent": null, "thread": null, "sent_at": "2019-03-20T08:39:52.406Z", "read_at": null, "replied_at": null, "sender_archived": false, "recipient_archived": false, "sender_deleted_at": null, "recipient_deleted_at": null, "moderation_status": "a", "moderation_by": null, "moderation_date": "2019-03-20T08:39:52.412Z", "moderation_reason": ""}}, {"model": "postman.message", "pk": 13, "fields": {"subject": "Test", "body": "test message. did you receive it?", "sender": 37, "recipient": 1, "email": "", "parent": null, "thread": null, "sent_at": "2019-03-20T09:36:24.581Z", "read_at": null, "replied_at": null, "sender_archived": false, "recipient_archived": false, "sender_deleted_at": null, "recipient_deleted_at": null, "moderation_status": "a", "moderation_by": null, "moderation_date": "2019-03-20T09:36:24.590Z", "moderation_reason": ""}}, {"model": "postman.message", "pk": 14, "fields": {"subject": "Re: Msg test", "body": "Received and thanks.", "sender": 37, "recipient": 14, "email": "", "parent": 11, "thread": 11, "sent_at": "2019-03-20T09:36:57.025Z", "read_at": "2019-05-12T10:52:49.665Z", "replied_at": null, "sender_archived": false, "recipient_archived": false, "sender_deleted_at": null, "recipient_deleted_at": null, "moderation_status": "a", "moderation_by": null, "moderation_date": "2019-03-20T09:36:57.029Z", "moderation_reason": ""}}, {"model": "postman.message", "pk": 15, "fields": {"subject": "test", "body": "this is test message. please acknowledge.", "sender": 37, "recipient": 48, "email": "", "parent": null, "thread": null, "sent_at": "2019-04-13T17:34:51.437Z", "read_at": null, "replied_at": null, "sender_archived": false, "recipient_archived": false, "sender_deleted_at": null, "recipient_deleted_at": null, "moderation_status": "a", "moderation_by": null, "moderation_date": "2019-04-13T17:34:51.441Z", "moderation_reason": ""}}, {"model": "postman.message", "pk": 16, "fields": {"subject": "test", "body": "test message. can you see it?", "sender": 37, "recipient": 50, "email": "", "parent": null, "thread": 16, "sent_at": "2019-05-27T13:12:20.643Z", "read_at": "2019-05-27T13:12:54.768Z", "replied_at": "2019-05-27T13:13:12.359Z", "sender_archived": false, "recipient_archived": false, "sender_deleted_at": null, "recipient_deleted_at": null, "moderation_status": "a", "moderation_by": null, "moderation_date": "2019-05-27T13:12:20.646Z", "moderation_reason": ""}}, {"model": "postman.message", "pk": 17, "fields": {"subject": "Re: test", "body": "Yes, I have seen it.", "sender": 50, "recipient": 37, "email": "", "parent": 16, "thread": 16, "sent_at": "2019-05-27T13:13:12.359Z", "read_at": null, "replied_at": null, "sender_archived": false, "recipient_archived": false, "sender_deleted_at": null, "recipient_deleted_at": null, "moderation_status": "a", "moderation_by": null, "moderation_date": "2019-05-27T13:13:12.361Z", "moderation_reason": ""}}, {"model": "postman.message", "pk": 18, "fields": {"subject": "test", "body": "gsadf", "sender": 14, "recipient": 78, "email": "", "parent": null, "thread": null, "sent_at": "2019-06-26T16:34:15.425Z", "read_at": null, "replied_at": null, "sender_archived": false, "recipient_archived": false, "sender_deleted_at": null, "recipient_deleted_at": null, "moderation_status": "a", "moderation_by": null, "moderation_date": "2019-06-26T16:34:15.428Z", "moderation_reason": ""}}, {"model": "postman.message", "pk": 19, "fields": {"subject": "gf", "body": "sdfg", "sender": 14, "recipient": 56, "email": "", "parent": null, "thread": null, "sent_at": "2019-06-26T18:10:40.940Z", "read_at": null, "replied_at": null, "sender_archived": false, "recipient_archived": false, "sender_deleted_at": null, "recipient_deleted_at": null, "moderation_status": "a", "moderation_by": null, "moderation_date": "2019-06-26T18:10:40.942Z", "moderation_reason": ""}}, {"model": "postman.message", "pk": 20, "fields": {"subject": "sdfd", "body": "dfdf", "sender": 14, "recipient": 78, "email": "", "parent": null, "thread": null, "sent_at": "2019-06-26T18:21:21.998Z", "read_at": null, "replied_at": null, "sender_archived": false, "recipient_archived": false, "sender_deleted_at": null, "recipient_deleted_at": null, "moderation_status": "a", "moderation_by": null, "moderation_date": "2019-06-26T18:21:22.000Z", "moderation_reason": ""}}, {"model": "postman.message", "pk": 21, "fields": {"subject": "API Message", "body": "I am a body", "sender": 14, "recipient": 37, "email": "", "parent": null, "thread": null, "sent_at": "2019-06-27T14:30:40.664Z", "read_at": null, "replied_at": null, "sender_archived": false, "recipient_archived": false, "sender_deleted_at": null, "recipient_deleted_at": null, "moderation_status": "a", "moderation_by": null, "moderation_date": "2019-06-27T14:30:40.664Z", "moderation_reason": ""}}, {"model": "postman.message", "pk": 22, "fields": {"subject": "API Message", "body": "I am a body", "sender": 14, "recipient": 37, "email": "", "parent": null, "thread": null, "sent_at": "2019-06-27T14:32:23.632Z", "read_at": null, "replied_at": null, "sender_archived": false, "recipient_archived": false, "sender_deleted_at": null, "recipient_deleted_at": null, "moderation_status": "a", "moderation_by": null, "moderation_date": "2019-06-27T14:32:23.632Z", "moderation_reason": ""}}, {"model": "postman.message", "pk": 23, "fields": {"subject": "API Message", "body": "I am a body", "sender": 14, "recipient": 37, "email": "", "parent": null, "thread": null, "sent_at": "2019-06-27T14:32:47.524Z", "read_at": null, "replied_at": null, "sender_archived": false, "recipient_archived": false, "sender_deleted_at": null, "recipient_deleted_at": null, "moderation_status": "a", "moderation_by": null, "moderation_date": "2019-06-27T14:32:47.524Z", "moderation_reason": ""}}, {"model": "postman.message", "pk": 24, "fields": {"subject": "API Message3", "body": "I am a body3", "sender": 14, "recipient": 37, "email": "", "parent": null, "thread": null, "sent_at": "2019-06-27T14:33:27.032Z", "read_at": null, "replied_at": null, "sender_archived": false, "recipient_archived": false, "sender_deleted_at": null, "recipient_deleted_at": null, "moderation_status": "a", "moderation_by": null, "moderation_date": "2019-06-27T14:33:27.033Z", "moderation_reason": ""}}, {"model": "admin.logentry", "pk": 1, "fields": {"action_time": "2018-12-22T12:22:06.567Z", "user": 1, "content_type": 4, "object_id": "2", "object_repr": "newusertest1", "action_flag": 1, "change_message": "[{\"added\": {}}]"}}, {"model": "admin.logentry", "pk": 2, "fields": {"action_time": "2018-12-22T12:22:22.165Z", "user": 1, "content_type": 4, "object_id": "3", "object_repr": "newusertest2", "action_flag": 1, "change_message": "[{\"added\": {}}]"}}, {"model": "admin.logentry", "pk": 3, "fields": {"action_time": "2018-12-24T19:04:39.722Z", "user": 1, "content_type": 4, "object_id": "7", "object_repr": "aaaaaaaaaaaa", "action_flag": 3, "change_message": ""}}, {"model": "admin.logentry", "pk": 4, "fields": {"action_time": "2018-12-24T19:04:39.872Z", "user": 1, "content_type": 4, "object_id": "6", "object_repr": "nnnn", "action_flag": 3, "change_message": ""}}, {"model": "admin.logentry", "pk": 5, "fields": {"action_time": "2018-12-24T19:49:57.343Z", "user": 1, "content_type": 4, "object_id": "9", "object_repr": "auth", "action_flag": 3, "change_message": ""}}, {"model": "admin.logentry", "pk": 6, "fields": {"action_time": "2018-12-24T19:56:21.748Z", "user": 1, "content_type": 4, "object_id": "10", "object_repr": "auth", "action_flag": 3, "change_message": ""}}, {"model": "admin.logentry", "pk": 7, "fields": {"action_time": "2019-01-01T05:33:28.187Z", "user": 1, "content_type": 8, "object_id": "1", "object_repr": "newusertest1 Profile", "action_flag": 1, "change_message": "[{\"added\": {}}]"}}, {"model": "admin.logentry", "pk": 8, "fields": {"action_time": "2019-01-01T05:47:00.150Z", "user": 1, "content_type": 8, "object_id": "2", "object_repr": "ehsan Profile", "action_flag": 1, "change_message": "[{\"added\": {}}]"}}, {"model": "admin.logentry", "pk": 9, "fields": {"action_time": "2019-01-05T08:34:11.147Z", "user": 1, "content_type": 8, "object_id": "2", "object_repr": "ehsan Profile", "action_flag": 2, "change_message": "[{\"changed\": {\"fields\": [\"image\"]}}]"}}, {"model": "admin.logentry", "pk": 10, "fields": {"action_time": "2019-01-08T13:44:19.953Z", "user": 1, "content_type": 8, "object_id": "3", "object_repr": "eklotan Profile", "action_flag": 1, "change_message": "[{\"added\": {}}]"}}, {"model": "admin.logentry", "pk": 11, "fields": {"action_time": "2019-01-08T13:45:05.942Z", "user": 1, "content_type": 4, "object_id": "12", "object_repr": "tanim", "action_flag": 1, "change_message": "[{\"added\": {}}]"}}, {"model": "admin.logentry", "pk": 12, "fields": {"action_time": "2019-01-08T13:45:18.472Z", "user": 1, "content_type": 4, "object_id": "13", "object_repr": "sujon", "action_flag": 1, "change_message": "[{\"added\": {}}]"}}, {"model": "admin.logentry", "pk": 13, "fields": {"action_time": "2019-01-08T13:45:38.275Z", "user": 1, "content_type": 4, "object_id": "14", "object_repr": "sifat", "action_flag": 1, "change_message": "[{\"added\": {}}]"}}, {"model": "admin.logentry", "pk": 14, "fields": {"action_time": "2019-01-08T13:45:59.004Z", "user": 1, "content_type": 4, "object_id": "15", "object_repr": "sumyea", "action_flag": 1, "change_message": "[{\"added\": {}}]"}}, {"model": "admin.logentry", "pk": 15, "fields": {"action_time": "2019-01-08T13:46:08.201Z", "user": 1, "content_type": 4, "object_id": "16", "object_repr": "lamisa", "action_flag": 1, "change_message": "[{\"added\": {}}]"}}, {"model": "admin.logentry", "pk": 16, "fields": {"action_time": "2019-01-08T13:46:54.662Z", "user": 1, "content_type": 8, "object_id": "8", "object_repr": "lamisa Profile", "action_flag": 2, "change_message": "[{\"changed\": {\"fields\": [\"image\"]}}]"}}, {"model": "admin.logentry", "pk": 17, "fields": {"action_time": "2019-01-08T13:47:06.078Z", "user": 1, "content_type": 8, "object_id": "7", "object_repr": "sumyea Profile", "action_flag": 2, "change_message": "[{\"changed\": {\"fields\": [\"image\"]}}]"}}, {"model": "admin.logentry", "pk": 18, "fields": {"action_time": "2019-01-08T13:47:16.763Z", "user": 1, "content_type": 8, "object_id": "6", "object_repr": "sifat Profile", "action_flag": 2, "change_message": "[{\"changed\": {\"fields\": [\"image\"]}}]"}}, {"model": "admin.logentry", "pk": 19, "fields": {"action_time": "2019-01-08T13:47:26.072Z", "user": 1, "content_type": 8, "object_id": "5", "object_repr": "sujon Profile", "action_flag": 2, "change_message": "[{\"changed\": {\"fields\": [\"image\"]}}]"}}, {"model": "admin.logentry", "pk": 20, "fields": {"action_time": "2019-01-08T13:47:45.778Z", "user": 1, "content_type": 8, "object_id": "4", "object_repr": "tanim Profile", "action_flag": 2, "change_message": "[{\"changed\": {\"fields\": [\"image\"]}}]"}}, {"model": "admin.logentry", "pk": 21, "fields": {"action_time": "2019-01-08T13:48:43.065Z", "user": 1, "content_type": 7, "object_id": "7", "object_repr": "Contrary to popular belief, Lorem Ipsum is not simply random text. It has roots in a piece of classical Latin literature from 45 BC, making it over 2000 years old. Richard McClintock, a Latin professo", "action_flag": 1, "change_message": "[{\"added\": {}}]"}}, {"model": "admin.logentry", "pk": 22, "fields": {"action_time": "2019-01-08T13:48:55.140Z", "user": 1, "content_type": 7, "object_id": "8", "object_repr": "reproduced below for those interested. Sections 1.10.32 and 1.10.33 from \"de Finibus Bonorum et Malorum\" by Cicero are also reproduced in their exact original form, accompanied by English versions fro", "action_flag": 1, "change_message": "[{\"added\": {}}]"}}, {"model": "admin.logentry", "pk": 23, "fields": {"action_time": "2019-01-08T13:49:10.962Z", "user": 1, "content_type": 7, "object_id": "9", "object_repr": "t is a long established fact that a reader will be distracted by the readable content of a page when looking at its layout. The point of using Lorem Ipsum is that it has a more-or-less normal distribu", "action_flag": 1, "change_message": "[{\"added\": {}}]"}}, {"model": "admin.logentry", "pk": 24, "fields": {"action_time": "2019-01-08T13:49:24.322Z", "user": 1, "content_type": 7, "object_id": "10", "object_repr": "There are many variations of passages of Lorem Ipsum available, but the majority have suffered alteration in some form, by injected humour, or randomised words which don't look even slightly believabl", "action_flag": 1, "change_message": "[{\"added\": {}}]"}}, {"model": "admin.logentry", "pk": 25, "fields": {"action_time": "2019-01-08T13:49:38.344Z", "user": 1, "content_type": 7, "object_id": "11", "object_repr": "Sed ut perspiciatis unde omnis iste natus error sit voluptatem accusantium doloremque laudantium, totam rem aperiam, eaque ipsa quae ab illo inventore veritatis et quasi architecto beatae vitae dicta ", "action_flag": 1, "change_message": "[{\"added\": {}}]"}}, {"model": "admin.logentry", "pk": 26, "fields": {"action_time": "2019-01-08T14:26:28.147Z", "user": 1, "content_type": 9, "object_id": "1", "object_repr": "I\u2019m designing a document and don\u2019t want to get bogged down in what the text actually says.", "action_flag": 1, "change_message": "[{\"added\": {}}]"}}, {"model": "admin.logentry", "pk": 27, "fields": {"action_time": "2019-01-08T14:27:04.898Z", "user": 1, "content_type": 9, "object_id": "2", "object_repr": "I\u2019m creating a template with various paragraph styles and need to see what they will look like.", "action_flag": 1, "change_message": "[{\"added\": {}}]"}}, {"model": "admin.logentry", "pk": 28, "fields": {"action_time": "2019-01-08T14:27:20.417Z", "user": 1, "content_type": 9, "object_id": "3", "object_repr": "I\u2019m creating a macro and need some text for testing purposes.", "action_flag": 1, "change_message": "[{\"added\": {}}]"}}, {"model": "admin.logentry", "pk": 29, "fields": {"action_time": "2019-01-08T14:27:38.279Z", "user": 1, "content_type": 9, "object_id": "4", "object_repr": "I\u2019m trying to learn more about some feature of Microsoft Word and don\u2019t want to practice on a real document.", "action_flag": 1, "change_message": "[{\"added\": {}}]"}}, {"model": "admin.logentry", "pk": 30, "fields": {"action_time": "2019-01-08T14:27:58.007Z", "user": 1, "content_type": 9, "object_id": "5", "object_repr": "The quick brown fox jumps over the lazy dog.", "action_flag": 1, "change_message": "[{\"added\": {}}]"}}, {"model": "admin.logentry", "pk": 31, "fields": {"action_time": "2019-01-08T14:28:10.922Z", "user": 1, "content_type": 9, "object_id": "6", "object_repr": "The quick brown fox jumps over the lazy dog.", "action_flag": 1, "change_message": "[{\"added\": {}}]"}}, {"model": "admin.logentry", "pk": 32, "fields": {"action_time": "2019-01-08T14:28:24.053Z", "user": 1, "content_type": 9, "object_id": "7", "object_repr": "The quick brown fox jumps over the lazy dog.", "action_flag": 1, "change_message": "[{\"added\": {}}]"}}, {"model": "admin.logentry", "pk": 33, "fields": {"action_time": "2019-01-08T14:36:27.141Z", "user": 1, "content_type": 7, "object_id": "11", "object_repr": "Sed ut perspiciatis unde omnis iste natus error sit voluptatem accusantium doloremque laudantium, totam rem aperiam, eaque ipsa quae ab illo inventore veritatis et quasi architecto beatae vitae dicta ", "action_flag": 2, "change_message": "[{\"changed\": {\"fields\": [\"image\"]}}]"}}, {"model": "admin.logentry", "pk": 34, "fields": {"action_time": "2019-01-08T14:36:41.889Z", "user": 1, "content_type": 7, "object_id": "10", "object_repr": "There are many variations of passages of Lorem Ipsum available, but the majority have suffered alteration in some form, by injected humour, or randomised words which don't look even slightly believabl", "action_flag": 2, "change_message": "[{\"changed\": {\"fields\": [\"image\"]}}]"}}, {"model": "admin.logentry", "pk": 35, "fields": {"action_time": "2019-01-08T14:36:54.368Z", "user": 1, "content_type": 7, "object_id": "9", "object_repr": "t is a long established fact that a reader will be distracted by the readable content of a page when looking at its layout. The point of using Lorem Ipsum is that it has a more-or-less normal distribu", "action_flag": 2, "change_message": "[{\"changed\": {\"fields\": [\"image\"]}}]"}}, {"model": "admin.logentry", "pk": 36, "fields": {"action_time": "2019-01-08T14:37:03.377Z", "user": 1, "content_type": 7, "object_id": "8", "object_repr": "reproduced below for those interested. Sections 1.10.32 and 1.10.33 from \"de Finibus Bonorum et Malorum\" by Cicero are also reproduced in their exact original form, accompanied by English versions fro", "action_flag": 2, "change_message": "[{\"changed\": {\"fields\": [\"image\"]}}]"}}, {"model": "admin.logentry", "pk": 37, "fields": {"action_time": "2019-01-08T14:37:13.334Z", "user": 1, "content_type": 7, "object_id": "8", "object_repr": "reproduced below for those interested. Sections 1.10.32 and 1.10.33 from \"de Finibus Bonorum et Malorum\" by Cicero are also reproduced in their exact original form, accompanied by English versions fro", "action_flag": 2, "change_message": "[{\"changed\": {\"fields\": [\"image\"]}}]"}}, {"model": "admin.logentry", "pk": 38, "fields": {"action_time": "2019-01-08T14:37:24.098Z", "user": 1, "content_type": 7, "object_id": "7", "object_repr": "Contrary to popular belief, Lorem Ipsum is not simply random text. It has roots in a piece of classical Latin literature from 45 BC, making it over 2000 years old. Richard McClintock, a Latin professo", "action_flag": 2, "change_message": "[{\"changed\": {\"fields\": [\"image\"]}}]"}}, {"model": "admin.logentry", "pk": 39, "fields": {"action_time": "2019-01-08T15:15:40.987Z", "user": 1, "content_type": 8, "object_id": "8", "object_repr": "lamisa Profile", "action_flag": 2, "change_message": "[{\"changed\": {\"fields\": [\"cover_image\"]}}]"}}, {"model": "admin.logentry", "pk": 40, "fields": {"action_time": "2019-01-08T15:15:49.620Z", "user": 1, "content_type": 8, "object_id": "7", "object_repr": "sumyea Profile", "action_flag": 2, "change_message": "[{\"changed\": {\"fields\": [\"cover_image\"]}}]"}}, {"model": "admin.logentry", "pk": 41, "fields": {"action_time": "2019-01-08T15:15:58.571Z", "user": 1, "content_type": 8, "object_id": "6", "object_repr": "sifat Profile", "action_flag": 2, "change_message": "[{\"changed\": {\"fields\": [\"cover_image\"]}}]"}}, {"model": "admin.logentry", "pk": 42, "fields": {"action_time": "2019-01-08T15:16:08.362Z", "user": 1, "content_type": 8, "object_id": "5", "object_repr": "sujon Profile", "action_flag": 2, "change_message": "[{\"changed\": {\"fields\": [\"cover_image\"]}}]"}}, {"model": "admin.logentry", "pk": 43, "fields": {"action_time": "2019-01-08T15:16:19.334Z", "user": 1, "content_type": 8, "object_id": "4", "object_repr": "tanim Profile", "action_flag": 2, "change_message": "[{\"changed\": {\"fields\": [\"cover_image\"]}}]"}}, {"model": "admin.logentry", "pk": 44, "fields": {"action_time": "2019-01-08T15:16:32.147Z", "user": 1, "content_type": 8, "object_id": "2", "object_repr": "ehsan Profile", "action_flag": 2, "change_message": "[{\"changed\": {\"fields\": [\"cover_image\"]}}]"}}, {"model": "admin.logentry", "pk": 45, "fields": {"action_time": "2019-01-08T15:16:40.088Z", "user": 1, "content_type": 8, "object_id": "8", "object_repr": "lamisa Profile", "action_flag": 2, "change_message": "[{\"changed\": {\"fields\": [\"cover_image\"]}}]"}}, {"model": "admin.logentry", "pk": 46, "fields": {"action_time": "2019-01-12T15:17:33.176Z", "user": 1, "content_type": 4, "object_id": "17", "object_repr": "rony", "action_flag": 3, "change_message": ""}}, {"model": "admin.logentry", "pk": 47, "fields": {"action_time": "2019-01-12T15:21:21.728Z", "user": 1, "content_type": 4, "object_id": "18", "object_repr": "arko", "action_flag": 3, "change_message": ""}}, {"model": "admin.logentry", "pk": 48, "fields": {"action_time": "2019-01-12T15:42:11.024Z", "user": 1, "content_type": 4, "object_id": "19", "object_repr": "arko", "action_flag": 3, "change_message": ""}}, {"model": "admin.logentry", "pk": 49, "fields": {"action_time": "2019-01-12T15:52:03.355Z", "user": 1, "content_type": 4, "object_id": "20", "object_repr": "arko", "action_flag": 3, "change_message": ""}}, {"model": "admin.logentry", "pk": 50, "fields": {"action_time": "2019-01-12T15:54:05.927Z", "user": 1, "content_type": 4, "object_id": "21", "object_repr": "arko", "action_flag": 3, "change_message": ""}}, {"model": "admin.logentry", "pk": 51, "fields": {"action_time": "2019-01-12T15:56:10.501Z", "user": 1, "content_type": 4, "object_id": "22", "object_repr": "arko", "action_flag": 3, "change_message": ""}}, {"model": "admin.logentry", "pk": 52, "fields": {"action_time": "2019-01-12T16:27:16.386Z", "user": 1, "content_type": 12, "object_id": "1", "object_repr": "unknown", "action_flag": 1, "change_message": "[{\"added\": {}}]"}}, {"model": "admin.logentry", "pk": 53, "fields": {"action_time": "2019-01-12T16:27:21.867Z", "user": 1, "content_type": 12, "object_id": "2", "object_repr": "Bangladesh", "action_flag": 1, "change_message": "[{\"added\": {}}]"}}, {"model": "admin.logentry", "pk": 54, "fields": {"action_time": "2019-01-12T16:27:26.862Z", "user": 1, "content_type": 12, "object_id": "3", "object_repr": "India", "action_flag": 1, "change_message": "[{\"added\": {}}]"}}, {"model": "admin.logentry", "pk": 55, "fields": {"action_time": "2019-01-12T16:27:30.705Z", "user": 1, "content_type": 12, "object_id": "4", "object_repr": "China", "action_flag": 1, "change_message": "[{\"added\": {}}]"}}, {"model": "admin.logentry", "pk": 56, "fields": {"action_time": "2019-01-12T16:28:17.169Z", "user": 1, "content_type": 11, "object_id": "1", "object_repr": "BUET, Bangladesh", "action_flag": 1, "change_message": "[{\"added\": {}}]"}}, {"model": "admin.logentry", "pk": 57, "fields": {"action_time": "2019-01-12T16:28:26.839Z", "user": 1, "content_type": 11, "object_id": "2", "object_repr": "Dhaka University, Bangladesh", "action_flag": 1, "change_message": "[{\"added\": {}}]"}}, {"model": "admin.logentry", "pk": 58, "fields": {"action_time": "2019-01-12T16:28:53.614Z", "user": 1, "content_type": 11, "object_id": "3", "object_repr": "IIT, India", "action_flag": 1, "change_message": "[{\"added\": {}}]"}}, {"model": "admin.logentry", "pk": 59, "fields": {"action_time": "2019-01-13T07:40:46.956Z", "user": 1, "content_type": 4, "object_id": "16", "object_repr": "lamisa", "action_flag": 2, "change_message": "[{\"changed\": {\"fields\": [\"email\"]}}]"}}, {"model": "admin.logentry", "pk": 60, "fields": {"action_time": "2019-01-13T07:41:06.053Z", "user": 1, "content_type": 4, "object_id": "14", "object_repr": "sifat", "action_flag": 2, "change_message": "[{\"changed\": {\"fields\": [\"email\"]}}]"}}, {"model": "admin.logentry", "pk": 61, "fields": {"action_time": "2019-01-13T07:41:24.546Z", "user": 1, "content_type": 4, "object_id": "13", "object_repr": "sujon", "action_flag": 2, "change_message": "[{\"changed\": {\"fields\": [\"email\"]}}]"}}, {"model": "admin.logentry", "pk": 62, "fields": {"action_time": "2019-01-13T07:41:38.303Z", "user": 1, "content_type": 4, "object_id": "15", "object_repr": "sumyea", "action_flag": 2, "change_message": "[{\"changed\": {\"fields\": [\"email\"]}}]"}}, {"model": "admin.logentry", "pk": 63, "fields": {"action_time": "2019-01-13T07:41:52.524Z", "user": 1, "content_type": 4, "object_id": "12", "object_repr": "tanim", "action_flag": 2, "change_message": "[{\"changed\": {\"fields\": [\"email\"]}}]"}}, {"model": "admin.logentry", "pk": 64, "fields": {"action_time": "2019-01-13T07:42:09.730Z", "user": 1, "content_type": 4, "object_id": "8", "object_repr": "newuserauth", "action_flag": 3, "change_message": ""}}, {"model": "admin.logentry", "pk": 65, "fields": {"action_time": "2019-01-13T07:42:09.968Z", "user": 1, "content_type": 4, "object_id": "2", "object_repr": "newusertest1", "action_flag": 3, "change_message": ""}}, {"model": "admin.logentry", "pk": 66, "fields": {"action_time": "2019-01-13T07:42:10.057Z", "user": 1, "content_type": 4, "object_id": "3", "object_repr": "newusertest2", "action_flag": 3, "change_message": ""}}, {"model": "admin.logentry", "pk": 67, "fields": {"action_time": "2019-01-13T07:42:10.146Z", "user": 1, "content_type": 4, "object_id": "4", "object_repr": "newusertest3", "action_flag": 3, "change_message": ""}}, {"model": "admin.logentry", "pk": 68, "fields": {"action_time": "2019-01-19T08:06:48.509Z", "user": 1, "content_type": 8, "object_id": "8", "object_repr": "lamisa Profile", "action_flag": 2, "change_message": "[{\"changed\": {\"fields\": [\"institute\", \"country\"]}}]"}}, {"model": "admin.logentry", "pk": 69, "fields": {"action_time": "2019-01-19T08:06:59.359Z", "user": 1, "content_type": 8, "object_id": "7", "object_repr": "sumyea Profile", "action_flag": 2, "change_message": "[{\"changed\": {\"fields\": [\"institute\", \"country\"]}}]"}}, {"model": "admin.logentry", "pk": 70, "fields": {"action_time": "2019-01-19T08:08:01.531Z", "user": 1, "content_type": 8, "object_id": "6", "object_repr": "sifat Profile", "action_flag": 2, "change_message": "[{\"changed\": {\"fields\": [\"institute\", \"country\"]}}]"}}, {"model": "admin.logentry", "pk": 71, "fields": {"action_time": "2019-01-19T08:08:10.836Z", "user": 1, "content_type": 8, "object_id": "5", "object_repr": "sujon Profile", "action_flag": 2, "change_message": "[{\"changed\": {\"fields\": [\"institute\", \"country\"]}}]"}}, {"model": "admin.logentry", "pk": 72, "fields": {"action_time": "2019-01-19T08:08:20.622Z", "user": 1, "content_type": 8, "object_id": "4", "object_repr": "tanim Profile", "action_flag": 2, "change_message": "[{\"changed\": {\"fields\": [\"institute\", \"country\"]}}]"}}, {"model": "admin.logentry", "pk": 73, "fields": {"action_time": "2019-01-19T08:15:12.234Z", "user": 1, "content_type": 8, "object_id": "15", "object_repr": "schakrabarty Profile", "action_flag": 2, "change_message": "[{\"changed\": {\"fields\": [\"institute\", \"country\"]}}]"}}, {"model": "admin.logentry", "pk": 74, "fields": {"action_time": "2019-01-19T08:15:20.539Z", "user": 1, "content_type": 8, "object_id": "14", "object_repr": "paean Profile", "action_flag": 2, "change_message": "[{\"changed\": {\"fields\": [\"institute\", \"country\"]}}]"}}, {"model": "admin.logentry", "pk": 75, "fields": {"action_time": "2019-01-19T08:15:29.959Z", "user": 1, "content_type": 8, "object_id": "13", "object_repr": "meem Profile", "action_flag": 2, "change_message": "[{\"changed\": {\"fields\": [\"institute\", \"country\"]}}]"}}, {"model": "admin.logentry", "pk": 76, "fields": {"action_time": "2019-01-20T08:36:22.953Z", "user": 1, "content_type": 15, "object_id": "1", "object_repr": "Software Development", "action_flag": 1, "change_message": "[{\"added\": {}}]"}}, {"model": "admin.logentry", "pk": 77, "fields": {"action_time": "2019-01-20T08:36:28.365Z", "user": 1, "content_type": 15, "object_id": "2", "object_repr": "CAD", "action_flag": 1, "change_message": "[{\"added\": {}}]"}}, {"model": "admin.logentry", "pk": 78, "fields": {"action_time": "2019-01-20T08:36:36.951Z", "user": 1, "content_type": 15, "object_id": "3", "object_repr": "Graphics Design", "action_flag": 1, "change_message": "[{\"added\": {}}]"}}, {"model": "admin.logentry", "pk": 79, "fields": {"action_time": "2019-01-20T08:37:16.914Z", "user": 1, "content_type": 15, "object_id": "4", "object_repr": "MATLAB", "action_flag": 1, "change_message": "[{\"added\": {}}]"}}, {"model": "admin.logentry", "pk": 80, "fields": {"action_time": "2019-01-20T08:37:31.574Z", "user": 1, "content_type": 16, "object_id": "1", "object_repr": "Bangla", "action_flag": 1, "change_message": "[{\"added\": {}}]"}}, {"model": "admin.logentry", "pk": 81, "fields": {"action_time": "2019-01-20T08:37:37.764Z", "user": 1, "content_type": 16, "object_id": "2", "object_repr": "English", "action_flag": 1, "change_message": "[{\"added\": {}}]"}}, {"model": "admin.logentry", "pk": 82, "fields": {"action_time": "2019-01-20T08:37:42.557Z", "user": 1, "content_type": 16, "object_id": "3", "object_repr": "Russian", "action_flag": 1, "change_message": "[{\"added\": {}}]"}}, {"model": "admin.logentry", "pk": 83, "fields": {"action_time": "2019-01-20T08:37:57.540Z", "user": 1, "content_type": 14, "object_id": "1", "object_repr": "Drawing", "action_flag": 1, "change_message": "[{\"added\": {}}]"}}, {"model": "admin.logentry", "pk": 84, "fields": {"action_time": "2019-01-20T08:38:01.342Z", "user": 1, "content_type": 14, "object_id": "2", "object_repr": "Singing", "action_flag": 1, "change_message": "[{\"added\": {}}]"}}, {"model": "admin.logentry", "pk": 85, "fields": {"action_time": "2019-01-20T08:38:07.530Z", "user": 1, "content_type": 14, "object_id": "3", "object_repr": "Playing", "action_flag": 1, "change_message": "[{\"added\": {}}]"}}, {"model": "admin.logentry", "pk": 86, "fields": {"action_time": "2019-01-20T08:55:11.027Z", "user": 1, "content_type": 18, "object_id": "1", "object_repr": "Cibling between Alif Hossain and  ", "action_flag": 1, "change_message": "[{\"added\": {}}]"}}, {"model": "admin.logentry", "pk": 87, "fields": {"action_time": "2019-01-20T08:59:56.016Z", "user": 1, "content_type": 18, "object_id": "1", "object_repr": "Cibling between Alif Hossain and  ", "action_flag": 3, "change_message": ""}}, {"model": "admin.logentry", "pk": 88, "fields": {"action_time": "2019-01-20T10:05:36.207Z", "user": 1, "content_type": 4, "object_id": "14", "object_repr": "sifat", "action_flag": 2, "change_message": "[{\"changed\": {\"fields\": [\"first_name\", \"last_name\"]}}]"}}, {"model": "admin.logentry", "pk": 89, "fields": {"action_time": "2019-01-20T10:05:55.576Z", "user": 1, "content_type": 4, "object_id": "23", "object_repr": "arko", "action_flag": 2, "change_message": "[{\"changed\": {\"fields\": [\"first_name\", \"last_name\"]}}]"}}, {"model": "admin.logentry", "pk": 90, "fields": {"action_time": "2019-01-20T10:06:10.233Z", "user": 1, "content_type": 4, "object_id": "1", "object_repr": "ehsan", "action_flag": 2, "change_message": "[{\"changed\": {\"fields\": [\"first_name\", \"last_name\"]}}]"}}, {"model": "admin.logentry", "pk": 91, "fields": {"action_time": "2019-01-20T10:06:23.135Z", "user": 1, "content_type": 4, "object_id": "16", "object_repr": "lamisa", "action_flag": 2, "change_message": "[{\"changed\": {\"fields\": [\"first_name\", \"last_name\"]}}]"}}, {"model": "admin.logentry", "pk": 92, "fields": {"action_time": "2019-01-20T10:06:34.710Z", "user": 1, "content_type": 4, "object_id": "24", "object_repr": "meem", "action_flag": 2, "change_message": "[{\"changed\": {\"fields\": [\"first_name\", \"last_name\"]}}]"}}, {"model": "admin.logentry", "pk": 93, "fields": {"action_time": "2019-01-20T10:06:48.794Z", "user": 1, "content_type": 4, "object_id": "13", "object_repr": "sujon", "action_flag": 2, "change_message": "[{\"changed\": {\"fields\": [\"first_name\", \"last_name\"]}}]"}}, {"model": "admin.logentry", "pk": 94, "fields": {"action_time": "2019-01-20T10:06:59.345Z", "user": 1, "content_type": 4, "object_id": "15", "object_repr": "sumyea", "action_flag": 2, "change_message": "[{\"changed\": {\"fields\": [\"first_name\", \"last_name\"]}}]"}}, {"model": "admin.logentry", "pk": 95, "fields": {"action_time": "2019-01-20T10:07:10.592Z", "user": 1, "content_type": 4, "object_id": "12", "object_repr": "tanim", "action_flag": 2, "change_message": "[{\"changed\": {\"fields\": [\"first_name\", \"last_name\"]}}]"}}, {"model": "admin.logentry", "pk": 96, "fields": {"action_time": "2019-01-20T10:22:54.741Z", "user": 1, "content_type": 18, "object_id": "4", "object_repr": "Cibling between Sumyea Sinha and Abu Sifat", "action_flag": 1, "change_message": "[{\"added\": {}}]"}}, {"model": "admin.logentry", "pk": 97, "fields": {"action_time": "2019-01-20T10:23:03.700Z", "user": 1, "content_type": 18, "object_id": "5", "object_repr": "Cibling between Sumyea Sinha and Khairul Tanim", "action_flag": 1, "change_message": "[{\"added\": {}}]"}}, {"model": "admin.logentry", "pk": 98, "fields": {"action_time": "2019-01-20T10:23:13.221Z", "user": 1, "content_type": 18, "object_id": "6", "object_repr": "Cibling between Sumyea Sinha and Alif Hossain", "action_flag": 1, "change_message": "[{\"added\": {}}]"}}, {"model": "admin.logentry", "pk": 99, "fields": {"action_time": "2019-01-20T10:23:21.760Z", "user": 1, "content_type": 18, "object_id": "7", "object_repr": "Cibling between Sumyea Sinha and Arifur Sujon", "action_flag": 1, "change_message": "[{\"added\": {}}]"}}, {"model": "admin.logentry", "pk": 100, "fields": {"action_time": "2019-01-20T10:23:58.381Z", "user": 1, "content_type": 18, "object_id": "8", "object_repr": "Cibling between Sumyea Sinha and Kazi Farhat", "action_flag": 1, "change_message": "[{\"added\": {}}]"}}, {"model": "admin.logentry", "pk": 101, "fields": {"action_time": "2019-01-20T10:24:11.000Z", "user": 1, "content_type": 18, "object_id": "5", "object_repr": "Cibling between Sumyea Sinha and Khairul Tanim", "action_flag": 2, "change_message": "[{\"changed\": {\"fields\": [\"status\"]}}]"}}, {"model": "admin.logentry", "pk": 102, "fields": {"action_time": "2019-01-20T10:24:16.465Z", "user": 1, "content_type": 18, "object_id": "4", "object_repr": "Cibling between Sumyea Sinha and Abu Sifat", "action_flag": 2, "change_message": "[{\"changed\": {\"fields\": [\"status\"]}}]"}}, {"model": "admin.logentry", "pk": 103, "fields": {"action_time": "2019-01-20T10:24:21.659Z", "user": 1, "content_type": 18, "object_id": "3", "object_repr": "Cibling between Ehsanul Kabir and Sumyea Sinha", "action_flag": 2, "change_message": "[{\"changed\": {\"fields\": [\"status\"]}}]"}}, {"model": "admin.logentry", "pk": 104, "fields": {"action_time": "2019-01-20T11:03:29.493Z", "user": 1, "content_type": 18, "object_id": "6", "object_repr": "Cibling between Sumyea Sinha and Alif Hossain", "action_flag": 2, "change_message": "[{\"changed\": {\"fields\": [\"status\"]}}]"}}, {"model": "admin.logentry", "pk": 105, "fields": {"action_time": "2019-01-20T11:03:36.139Z", "user": 1, "content_type": 18, "object_id": "7", "object_repr": "Cibling between Sumyea Sinha and Arifur Sujon", "action_flag": 2, "change_message": "[{\"changed\": {\"fields\": [\"status\"]}}]"}}, {"model": "admin.logentry", "pk": 106, "fields": {"action_time": "2019-01-23T15:53:37.241Z", "user": 1, "content_type": 12, "object_id": "5", "object_repr": "South Korea", "action_flag": 1, "change_message": "[{\"added\": {}}]"}}, {"model": "admin.logentry", "pk": 107, "fields": {"action_time": "2019-01-23T15:53:43.379Z", "user": 1, "content_type": 12, "object_id": "6", "object_repr": "Russia", "action_flag": 1, "change_message": "[{\"added\": {}}]"}}, {"model": "admin.logentry", "pk": 108, "fields": {"action_time": "2019-01-23T15:53:47.547Z", "user": 1, "content_type": 12, "object_id": "7", "object_repr": "Japan", "action_flag": 1, "change_message": "[{\"added\": {}}]"}}, {"model": "admin.logentry", "pk": 109, "fields": {"action_time": "2019-01-23T15:53:50.638Z", "user": 1, "content_type": 12, "object_id": "8", "object_repr": "USA", "action_flag": 1, "change_message": "[{\"added\": {}}]"}}, {"model": "admin.logentry", "pk": 110, "fields": {"action_time": "2019-01-23T15:53:54.084Z", "user": 1, "content_type": 12, "object_id": "9", "object_repr": "UK", "action_flag": 1, "change_message": "[{\"added\": {}}]"}}, {"model": "admin.logentry", "pk": 111, "fields": {"action_time": "2019-01-23T15:54:03.483Z", "user": 1, "content_type": 12, "object_id": "10", "object_repr": "France", "action_flag": 1, "change_message": "[{\"added\": {}}]"}}, {"model": "admin.logentry", "pk": 112, "fields": {"action_time": "2019-01-23T15:54:32.079Z", "user": 1, "content_type": 12, "object_id": "11", "object_repr": "Italy", "action_flag": 1, "change_message": "[{\"added\": {}}]"}}, {"model": "admin.logentry", "pk": 113, "fields": {"action_time": "2019-01-23T15:54:37.881Z", "user": 1, "content_type": 12, "object_id": "12", "object_repr": "South Africa", "action_flag": 1, "change_message": "[{\"added\": {}}]"}}, {"model": "admin.logentry", "pk": 114, "fields": {"action_time": "2019-01-23T15:54:42.202Z", "user": 1, "content_type": 12, "object_id": "13", "object_repr": "Mexico", "action_flag": 1, "change_message": "[{\"added\": {}}]"}}, {"model": "admin.logentry", "pk": 115, "fields": {"action_time": "2019-01-23T15:54:48.018Z", "user": 1, "content_type": 12, "object_id": "14", "object_repr": "Brazil", "action_flag": 1, "change_message": "[{\"added\": {}}]"}}, {"model": "admin.logentry", "pk": 116, "fields": {"action_time": "2019-01-23T15:55:21.241Z", "user": 1, "content_type": 11, "object_id": "4", "object_repr": "China U1, China", "action_flag": 1, "change_message": "[{\"added\": {}}]"}}, {"model": "admin.logentry", "pk": 117, "fields": {"action_time": "2019-01-23T15:55:30.735Z", "user": 1, "content_type": 11, "object_id": "5", "object_repr": "China U2, China", "action_flag": 1, "change_message": "[{\"added\": {}}]"}}, {"model": "admin.logentry", "pk": 118, "fields": {"action_time": "2019-01-23T15:55:40.538Z", "user": 1, "content_type": 11, "object_id": "6", "object_repr": "SK U1, South Korea", "action_flag": 1, "change_message": "[{\"added\": {}}]"}}, {"model": "admin.logentry", "pk": 119, "fields": {"action_time": "2019-01-23T15:55:51.135Z", "user": 1, "content_type": 11, "object_id": "7", "object_repr": "SK U2, South Korea", "action_flag": 1, "change_message": "[{\"added\": {}}]"}}, {"model": "admin.logentry", "pk": 120, "fields": {"action_time": "2019-01-23T15:56:02.385Z", "user": 1, "content_type": 11, "object_id": "8", "object_repr": "National University, Russia", "action_flag": 1, "change_message": "[{\"added\": {}}]"}}, {"model": "admin.logentry", "pk": 121, "fields": {"action_time": "2019-01-23T15:57:10.194Z", "user": 1, "content_type": 11, "object_id": "9", "object_repr": "St Petersburg University, Russia", "action_flag": 1, "change_message": "[{\"added\": {}}]"}}, {"model": "admin.logentry", "pk": 122, "fields": {"action_time": "2019-01-23T15:57:36.622Z", "user": 1, "content_type": 11, "object_id": "10", "object_repr": "National University of Japan, Japan", "action_flag": 1, "change_message": "[{\"added\": {}}]"}}, {"model": "admin.logentry", "pk": 123, "fields": {"action_time": "2019-01-23T15:57:57.051Z", "user": 1, "content_type": 11, "object_id": "11", "object_repr": "University of California, USA", "action_flag": 1, "change_message": "[{\"added\": {}}]"}}, {"model": "admin.logentry", "pk": 124, "fields": {"action_time": "2019-01-23T15:58:07.333Z", "user": 1, "content_type": 11, "object_id": "12", "object_repr": "Oxford University, UK", "action_flag": 1, "change_message": "[{\"added\": {}}]"}}, {"model": "admin.logentry", "pk": 125, "fields": {"action_time": "2019-01-23T15:58:55.428Z", "user": 1, "content_type": 11, "object_id": "13", "object_repr": "NYU, USA", "action_flag": 1, "change_message": "[{\"added\": {}}]"}}, {"model": "admin.logentry", "pk": 126, "fields": {"action_time": "2019-01-23T16:00:00.456Z", "user": 1, "content_type": 13, "object_id": "1", "object_repr": "CSE", "action_flag": 1, "change_message": "[{\"added\": {}}]"}}, {"model": "admin.logentry", "pk": 127, "fields": {"action_time": "2019-01-23T16:00:06.183Z", "user": 1, "content_type": 13, "object_id": "2", "object_repr": "Genetics", "action_flag": 1, "change_message": "[{\"added\": {}}]"}}, {"model": "admin.logentry", "pk": 128, "fields": {"action_time": "2019-01-23T16:00:46.579Z", "user": 1, "content_type": 13, "object_id": "3", "object_repr": "Chemistry", "action_flag": 1, "change_message": "[{\"added\": {}}]"}}, {"model": "admin.logentry", "pk": 129, "fields": {"action_time": "2019-01-23T16:00:52.937Z", "user": 1, "content_type": 13, "object_id": "4", "object_repr": "Physics", "action_flag": 1, "change_message": "[{\"added\": {}}]"}}, {"model": "admin.logentry", "pk": 130, "fields": {"action_time": "2019-01-23T16:00:57.823Z", "user": 1, "content_type": 13, "object_id": "5", "object_repr": "Mathematics", "action_flag": 1, "change_message": "[{\"added\": {}}]"}}, {"model": "admin.logentry", "pk": 131, "fields": {"action_time": "2019-01-23T16:01:21.168Z", "user": 1, "content_type": 13, "object_id": "6", "object_repr": "Fine Arts", "action_flag": 1, "change_message": "[{\"added\": {}}]"}}, {"model": "admin.logentry", "pk": 132, "fields": {"action_time": "2019-01-23T16:02:32.954Z", "user": 1, "content_type": 13, "object_id": "7", "object_repr": "Economics", "action_flag": 1, "change_message": "[{\"added\": {}}]"}}, {"model": "admin.logentry", "pk": 133, "fields": {"action_time": "2019-01-23T16:04:59.614Z", "user": 1, "content_type": 4, "object_id": "31", "object_repr": "kim1", "action_flag": 1, "change_message": "[{\"added\": {}}]"}}, {"model": "admin.logentry", "pk": 134, "fields": {"action_time": "2019-01-23T16:05:23.983Z", "user": 1, "content_type": 4, "object_id": "31", "object_repr": "kim1", "action_flag": 2, "change_message": "[{\"changed\": {\"fields\": [\"first_name\", \"last_name\", \"email\"]}}]"}}, {"model": "admin.logentry", "pk": 135, "fields": {"action_time": "2019-01-23T16:05:35.576Z", "user": 1, "content_type": 4, "object_id": "32", "object_repr": "kim2", "action_flag": 1, "change_message": "[{\"added\": {}}]"}}, {"model": "admin.logentry", "pk": 136, "fields": {"action_time": "2019-01-23T16:05:50.105Z", "user": 1, "content_type": 4, "object_id": "32", "object_repr": "kim2", "action_flag": 2, "change_message": "[{\"changed\": {\"fields\": [\"first_name\", \"last_name\", \"email\"]}}]"}}, {"model": "admin.logentry", "pk": 137, "fields": {"action_time": "2019-01-23T16:06:02.115Z", "user": 1, "content_type": 4, "object_id": "33", "object_repr": "kim3", "action_flag": 1, "change_message": "[{\"added\": {}}]"}}, {"model": "admin.logentry", "pk": 138, "fields": {"action_time": "2019-01-23T16:06:17.034Z", "user": 1, "content_type": 4, "object_id": "33", "object_repr": "kim3", "action_flag": 2, "change_message": "[{\"changed\": {\"fields\": [\"first_name\", \"last_name\", \"email\"]}}]"}}, {"model": "admin.logentry", "pk": 139, "fields": {"action_time": "2019-01-23T16:06:26.633Z", "user": 1, "content_type": 4, "object_id": "34", "object_repr": "kim4", "action_flag": 1, "change_message": "[{\"added\": {}}]"}}, {"model": "admin.logentry", "pk": 140, "fields": {"action_time": "2019-01-23T16:06:40.999Z", "user": 1, "content_type": 4, "object_id": "34", "object_repr": "kim4", "action_flag": 2, "change_message": "[{\"changed\": {\"fields\": [\"first_name\", \"last_name\", \"email\"]}}]"}}, {"model": "admin.logentry", "pk": 141, "fields": {"action_time": "2019-01-23T16:06:51.176Z", "user": 1, "content_type": 4, "object_id": "35", "object_repr": "kim5", "action_flag": 1, "change_message": "[{\"added\": {}}]"}}, {"model": "admin.logentry", "pk": 142, "fields": {"action_time": "2019-01-23T16:07:04.800Z", "user": 1, "content_type": 4, "object_id": "35", "object_repr": "kim5", "action_flag": 2, "change_message": "[{\"changed\": {\"fields\": [\"first_name\", \"last_name\", \"email\"]}}]"}}, {"model": "admin.logentry", "pk": 143, "fields": {"action_time": "2019-01-23T16:07:16.857Z", "user": 1, "content_type": 4, "object_id": "36", "object_repr": "kim6", "action_flag": 1, "change_message": "[{\"added\": {}}]"}}, {"model": "admin.logentry", "pk": 144, "fields": {"action_time": "2019-01-23T16:07:30.913Z", "user": 1, "content_type": 4, "object_id": "36", "object_repr": "kim6", "action_flag": 2, "change_message": "[{\"changed\": {\"fields\": [\"first_name\", \"last_name\", \"email\"]}}]"}}, {"model": "admin.logentry", "pk": 145, "fields": {"action_time": "2019-01-23T16:07:57.026Z", "user": 1, "content_type": 8, "object_id": "20", "object_repr": "kim1 Profile", "action_flag": 1, "change_message": "[{\"added\": {}}]"}}, {"model": "admin.logentry", "pk": 146, "fields": {"action_time": "2019-01-23T16:08:11.710Z", "user": 1, "content_type": 8, "object_id": "21", "object_repr": "kim2 Profile", "action_flag": 1, "change_message": "[{\"added\": {}}]"}}, {"model": "admin.logentry", "pk": 147, "fields": {"action_time": "2019-01-23T16:08:21.127Z", "user": 1, "content_type": 8, "object_id": "22", "object_repr": "kim3 Profile", "action_flag": 1, "change_message": "[{\"added\": {}}]"}}, {"model": "admin.logentry", "pk": 148, "fields": {"action_time": "2019-01-23T16:08:29.828Z", "user": 1, "content_type": 8, "object_id": "23", "object_repr": "kim4 Profile", "action_flag": 1, "change_message": "[{\"added\": {}}]"}}, {"model": "admin.logentry", "pk": 149, "fields": {"action_time": "2019-01-23T16:08:37.550Z", "user": 1, "content_type": 8, "object_id": "24", "object_repr": "kim5 Profile", "action_flag": 1, "change_message": "[{\"added\": {}}]"}}, {"model": "admin.logentry", "pk": 150, "fields": {"action_time": "2019-01-23T16:08:56.878Z", "user": 1, "content_type": 8, "object_id": "25", "object_repr": "kim6 Profile", "action_flag": 1, "change_message": "[{\"added\": {}}]"}}, {"model": "admin.logentry", "pk": 151, "fields": {"action_time": "2019-01-23T16:09:48.396Z", "user": 1, "content_type": 17, "object_id": "18", "object_repr": "kim1 Profile Info", "action_flag": 2, "change_message": "[{\"changed\": {\"fields\": [\"expertises\", \"interests\", \"languages\", \"personal_info\", \"subject\"]}}]"}}, {"model": "admin.logentry", "pk": 152, "fields": {"action_time": "2019-01-23T16:10:04.796Z", "user": 1, "content_type": 17, "object_id": "22", "object_repr": "kim5 Profile Info", "action_flag": 2, "change_message": "[{\"changed\": {\"fields\": [\"expertises\", \"interests\", \"languages\", \"personal_info\", \"subject\"]}}]"}}, {"model": "admin.logentry", "pk": 153, "fields": {"action_time": "2019-01-23T16:10:44.786Z", "user": 1, "content_type": 17, "object_id": "21", "object_repr": "kim4 Profile Info", "action_flag": 2, "change_message": "[{\"changed\": {\"fields\": [\"expertises\", \"interests\", \"languages\", \"personal_info\", \"subject\"]}}]"}}, {"model": "admin.logentry", "pk": 154, "fields": {"action_time": "2019-01-23T16:11:00.296Z", "user": 1, "content_type": 17, "object_id": "20", "object_repr": "kim3 Profile Info", "action_flag": 2, "change_message": "[{\"changed\": {\"fields\": [\"expertises\", \"interests\", \"languages\", \"personal_info\", \"subject\"]}}]"}}, {"model": "admin.logentry", "pk": 155, "fields": {"action_time": "2019-01-23T16:11:17.511Z", "user": 1, "content_type": 17, "object_id": "19", "object_repr": "kim2 Profile Info", "action_flag": 2, "change_message": "[{\"changed\": {\"fields\": [\"expertises\", \"interests\", \"languages\", \"personal_info\", \"subject\"]}}]"}}, {"model": "admin.logentry", "pk": 156, "fields": {"action_time": "2019-01-23T16:11:32.538Z", "user": 1, "content_type": 17, "object_id": "18", "object_repr": "kim1 Profile Info", "action_flag": 2, "change_message": "[{\"changed\": {\"fields\": [\"expertises\", \"interests\", \"languages\", \"subject\"]}}]"}}, {"model": "admin.logentry", "pk": 157, "fields": {"action_time": "2019-01-23T16:11:50.484Z", "user": 1, "content_type": 17, "object_id": "17", "object_repr": "ajom Profile Info", "action_flag": 2, "change_message": "[{\"changed\": {\"fields\": [\"expertises\", \"interests\", \"languages\", \"personal_info\", \"subject\"]}}]"}}, {"model": "admin.logentry", "pk": 158, "fields": {"action_time": "2019-01-23T16:12:00.631Z", "user": 1, "content_type": 17, "object_id": "16", "object_repr": "naim Profile Info", "action_flag": 2, "change_message": "[{\"changed\": {\"fields\": [\"subject\"]}}]"}}, {"model": "admin.logentry", "pk": 159, "fields": {"action_time": "2019-01-23T16:12:21.054Z", "user": 1, "content_type": 17, "object_id": "14", "object_repr": "alif Profile Info", "action_flag": 2, "change_message": "[{\"changed\": {\"fields\": [\"expertises\", \"interests\", \"languages\", \"personal_info\", \"subject\"]}}]"}}, {"model": "admin.logentry", "pk": 160, "fields": {"action_time": "2019-01-23T16:12:35.986Z", "user": 1, "content_type": 17, "object_id": "13", "object_repr": "schakrabarty Profile Info", "action_flag": 2, "change_message": "[{\"changed\": {\"fields\": [\"expertises\", \"interests\", \"languages\", \"personal_info\", \"subject\"]}}]"}}, {"model": "admin.logentry", "pk": 161, "fields": {"action_time": "2019-01-23T16:12:51.553Z", "user": 1, "content_type": 17, "object_id": "12", "object_repr": "paean Profile Info", "action_flag": 2, "change_message": "[{\"changed\": {\"fields\": [\"expertises\", \"interests\", \"languages\", \"personal_info\", \"subject\"]}}]"}}, {"model": "admin.logentry", "pk": 162, "fields": {"action_time": "2019-01-23T16:13:08.309Z", "user": 1, "content_type": 17, "object_id": "11", "object_repr": "meem Profile Info", "action_flag": 2, "change_message": "[{\"changed\": {\"fields\": [\"expertises\", \"interests\", \"languages\", \"personal_info\", \"subject\"]}}]"}}, {"model": "admin.logentry", "pk": 163, "fields": {"action_time": "2019-01-23T16:13:24.042Z", "user": 1, "content_type": 17, "object_id": "10", "object_repr": "arko Profile Info", "action_flag": 2, "change_message": "[{\"changed\": {\"fields\": [\"expertises\", \"interests\", \"languages\", \"personal_info\", \"subject\"]}}]"}}, {"model": "admin.logentry", "pk": 164, "fields": {"action_time": "2019-01-23T16:13:43.695Z", "user": 1, "content_type": 17, "object_id": "9", "object_repr": "lamisa Profile Info", "action_flag": 2, "change_message": "[{\"changed\": {\"fields\": [\"expertises\", \"interests\", \"languages\", \"personal_info\", \"subject\"]}}]"}}, {"model": "admin.logentry", "pk": 165, "fields": {"action_time": "2019-01-23T16:14:05.166Z", "user": 1, "content_type": 17, "object_id": "8", "object_repr": "sumyea Profile Info", "action_flag": 2, "change_message": "[{\"changed\": {\"fields\": [\"expertises\", \"interests\", \"languages\", \"personal_info\", \"subject\"]}}]"}}, {"model": "admin.logentry", "pk": 166, "fields": {"action_time": "2019-01-23T16:14:57.017Z", "user": 1, "content_type": 17, "object_id": "7", "object_repr": "sifat Profile Info", "action_flag": 2, "change_message": "[{\"changed\": {\"fields\": [\"expertises\", \"interests\", \"languages\", \"personal_info\", \"subject\"]}}]"}}, {"model": "admin.logentry", "pk": 167, "fields": {"action_time": "2019-01-23T16:15:16.187Z", "user": 1, "content_type": 17, "object_id": "6", "object_repr": "sujon Profile Info", "action_flag": 2, "change_message": "[{\"changed\": {\"fields\": [\"expertises\", \"interests\", \"languages\", \"personal_info\", \"subject\"]}}]"}}, {"model": "admin.logentry", "pk": 168, "fields": {"action_time": "2019-01-23T16:15:34.004Z", "user": 1, "content_type": 17, "object_id": "5", "object_repr": "tanim Profile Info", "action_flag": 2, "change_message": "[{\"changed\": {\"fields\": [\"expertises\", \"interests\", \"languages\", \"personal_info\", \"subject\"]}}]"}}, {"model": "admin.logentry", "pk": 169, "fields": {"action_time": "2019-01-23T16:15:55.424Z", "user": 1, "content_type": 17, "object_id": "4", "object_repr": "eklotan Profile Info", "action_flag": 2, "change_message": "[{\"changed\": {\"fields\": [\"expertises\", \"interests\", \"languages\", \"personal_info\", \"subject\"]}}]"}}, {"model": "admin.logentry", "pk": 170, "fields": {"action_time": "2019-01-23T16:17:21.449Z", "user": 1, "content_type": 17, "object_id": "3", "object_repr": "ehsan Profile Info", "action_flag": 2, "change_message": "[{\"changed\": {\"fields\": [\"expertises\", \"interests\", \"languages\", \"personal_info\", \"subject\"]}}]"}}, {"model": "admin.logentry", "pk": 171, "fields": {"action_time": "2019-01-26T11:56:00.335Z", "user": 1, "content_type": 7, "object_id": "26", "object_repr": "My image post new at 26 jan", "action_flag": 3, "change_message": ""}}, {"model": "admin.logentry", "pk": 172, "fields": {"action_time": "2019-01-26T11:56:00.426Z", "user": 1, "content_type": 7, "object_id": "25", "object_repr": "My image post at 26 jan", "action_flag": 3, "change_message": ""}}, {"model": "admin.logentry", "pk": 173, "fields": {"action_time": "2019-01-26T12:06:26.608Z", "user": 1, "content_type": 7, "object_id": "29", "object_repr": "my honey", "action_flag": 3, "change_message": ""}}, {"model": "admin.logentry", "pk": 174, "fields": {"action_time": "2019-01-26T12:06:26.727Z", "user": 1, "content_type": 7, "object_id": "28", "object_repr": "please work", "action_flag": 3, "change_message": ""}}, {"model": "admin.logentry", "pk": 175, "fields": {"action_time": "2019-01-26T12:06:26.824Z", "user": 1, "content_type": 7, "object_id": "27", "object_repr": "my image post at 26 jan", "action_flag": 3, "change_message": ""}}, {"model": "admin.logentry", "pk": 176, "fields": {"action_time": "2019-01-26T12:14:23.392Z", "user": 1, "content_type": 7, "object_id": "30", "object_repr": "my honey", "action_flag": 3, "change_message": ""}}, {"model": "admin.logentry", "pk": 177, "fields": {"action_time": "2019-01-27T08:47:16.965Z", "user": 1, "content_type": 7, "object_id": "32", "object_repr": "My flower", "action_flag": 3, "change_message": ""}}, {"model": "admin.logentry", "pk": 178, "fields": {"action_time": "2019-01-27T08:47:16.968Z", "user": 1, "content_type": 7, "object_id": "31", "object_repr": "my honey", "action_flag": 3, "change_message": ""}}, {"model": "admin.logentry", "pk": 179, "fields": {"action_time": "2019-01-28T17:20:05.556Z", "user": 1, "content_type": 8, "object_id": "2", "object_repr": "ehsan Profile", "action_flag": 2, "change_message": "[{\"changed\": {\"fields\": [\"institute\"]}}]"}}, {"model": "admin.logentry", "pk": 180, "fields": {"action_time": "2019-01-28T17:20:24.950Z", "user": 1, "content_type": 8, "object_id": "3", "object_repr": "eklotan Profile", "action_flag": 2, "change_message": "[{\"changed\": {\"fields\": [\"institute\"]}}]"}}, {"model": "admin.logentry", "pk": 181, "fields": {"action_time": "2019-01-28T17:20:38.138Z", "user": 1, "content_type": 8, "object_id": "4", "object_repr": "tanim Profile", "action_flag": 2, "change_message": "[{\"changed\": {\"fields\": [\"institute\"]}}]"}}, {"model": "admin.logentry", "pk": 182, "fields": {"action_time": "2019-01-28T17:20:49.653Z", "user": 1, "content_type": 8, "object_id": "5", "object_repr": "sujon Profile", "action_flag": 2, "change_message": "[{\"changed\": {\"fields\": [\"institute\"]}}]"}}, {"model": "admin.logentry", "pk": 183, "fields": {"action_time": "2019-01-28T17:21:18.422Z", "user": 1, "content_type": 8, "object_id": "12", "object_repr": "arko Profile", "action_flag": 2, "change_message": "[{\"changed\": {\"fields\": [\"institute\"]}}]"}}, {"model": "admin.logentry", "pk": 184, "fields": {"action_time": "2019-01-28T17:21:39.240Z", "user": 1, "content_type": 8, "object_id": "13", "object_repr": "meem Profile", "action_flag": 2, "change_message": "[]"}}, {"model": "admin.logentry", "pk": 185, "fields": {"action_time": "2019-01-28T17:23:13.890Z", "user": 1, "content_type": 4, "object_id": "5", "object_repr": "eklotan", "action_flag": 2, "change_message": "[{\"changed\": {\"fields\": [\"first_name\", \"last_name\"]}}]"}}, {"model": "admin.logentry", "pk": 186, "fields": {"action_time": "2019-03-01T15:22:21.638Z", "user": 1, "content_type": 4, "object_id": "40", "object_repr": "piasdas83@gmail.com", "action_flag": 1, "change_message": "[{\"added\": {}}]"}}, {"model": "admin.logentry", "pk": 187, "fields": {"action_time": "2019-03-01T15:26:34.709Z", "user": 1, "content_type": 4, "object_id": "40", "object_repr": "piasdas83@gmail.com", "action_flag": 2, "change_message": "[{\"changed\": {\"fields\": [\"first_name\", \"last_name\", \"email\"]}}]"}}, {"model": "admin.logentry", "pk": 188, "fields": {"action_time": "2019-03-01T15:28:53.213Z", "user": 1, "content_type": 4, "object_id": "40", "object_repr": "piasdas83@gmail.com", "action_flag": 3, "change_message": ""}}, {"model": "admin.logentry", "pk": 189, "fields": {"action_time": "2019-03-09T14:20:30.607Z", "user": 1, "content_type": 4, "object_id": "42", "object_repr": "pias_1234", "action_flag": 3, "change_message": ""}}, {"model": "admin.logentry", "pk": 190, "fields": {"action_time": "2019-03-09T14:40:46.136Z", "user": 1, "content_type": 4, "object_id": "44", "object_repr": "test1234", "action_flag": 3, "change_message": ""}}, {"model": "admin.logentry", "pk": 191, "fields": {"action_time": "2019-03-09T14:48:13.572Z", "user": 1, "content_type": 4, "object_id": "45", "object_repr": "pias_123456", "action_flag": 2, "change_message": "[{\"changed\": {\"fields\": [\"is_staff\"]}}]"}}, {"model": "admin.logentry", "pk": 192, "fields": {"action_time": "2019-03-09T14:49:35.551Z", "user": 1, "content_type": 4, "object_id": "45", "object_repr": "pias_123456", "action_flag": 2, "change_message": "[{\"changed\": {\"fields\": [\"is_staff\"]}}]"}}, {"model": "admin.logentry", "pk": 193, "fields": {"action_time": "2019-04-16T04:26:28.262Z", "user": 1, "content_type": 12, "object_id": "15", "object_repr": "Other", "action_flag": 1, "change_message": "[{\"added\": {}}]"}}, {"model": "admin.logentry", "pk": 194, "fields": {"action_time": "2019-04-16T04:26:34.221Z", "user": 1, "content_type": 11, "object_id": "14", "object_repr": "Other, Other", "action_flag": 1, "change_message": "[{\"added\": {}}]"}}, {"model": "admin.logentry", "pk": 195, "fields": {"action_time": "2019-06-16T18:00:33.606Z", "user": 64, "content_type": 8, "object_id": "52", "object_repr": "ruhshan2 Profile", "action_flag": 3, "change_message": ""}}, {"model": "admin.logentry", "pk": 196, "fields": {"action_time": "2019-06-16T18:01:16.374Z", "user": 64, "content_type": 4, "object_id": "65", "object_repr": "ruhshan", "action_flag": 3, "change_message": ""}}, {"model": "admin.logentry", "pk": 197, "fields": {"action_time": "2019-06-16T18:01:16.446Z", "user": 64, "content_type": 4, "object_id": "66", "object_repr": "ruhshan2", "action_flag": 3, "change_message": ""}}, {"model": "admin.logentry", "pk": 198, "fields": {"action_time": "2019-06-19T16:32:54.661Z", "user": 64, "content_type": 4, "object_id": "68", "object_repr": "ruhshan", "action_flag": 3, "change_message": ""}}, {"model": "admin.logentry", "pk": 199, "fields": {"action_time": "2019-06-19T16:44:09.394Z", "user": 64, "content_type": 4, "object_id": "75", "object_repr": "ruhshan", "action_flag": 3, "change_message": ""}}, {"model": "admin.logentry", "pk": 200, "fields": {"action_time": "2019-06-19T16:44:09.506Z", "user": 64, "content_type": 4, "object_id": "67", "object_repr": "ruhshan9", "action_flag": 3, "change_message": ""}}, {"model": "admin.logentry", "pk": 201, "fields": {"action_time": "2019-06-19T16:54:25.528Z", "user": 64, "content_type": 4, "object_id": "76", "object_repr": "ruhshan", "action_flag": 3, "change_message": ""}}, {"model": "admin.logentry", "pk": 202, "fields": {"action_time": "2019-06-19T16:55:50.599Z", "user": 64, "content_type": 4, "object_id": "77", "object_repr": "ruhshan", "action_flag": 3, "change_message": ""}}]